PRODUTOS,VALOR VENDA ,CUSTO PRODUTO,MÊS,RECEITA,LUCRO ,NÚMERO DE PRODUTOS VENDIDOS,CATEGORIA
 REFLETOR LED 50W SLIM 6500K PRETO,140,63.9, JANEIRO,1400,761,10,REFLETOR
 LAMPADA LED TKL60 12W 3000K 1018LM,16,7.99, JANEIRO,2496,1249.56,156,LAMPADA
 PAINEL DE LED LUX 62X62 36W SOBREPOR 4000K,350,191, JANEIRO,4200,1908,12,PAINEL
 PAINEL DE LED LUX 62X62 36W SOBREPOR 3000K,350,191, JANEIRO,3500,1590,10,PAINEL
 PAINEL LED LUX 62X62 36W EMBUTIR 4000K 2520LM,315,174.99, JANEIRO,2520,1120.08,8,PAINEL
 PAINEL LED LUX 40X40 SPBREPOR 4000K,260,157.5, JANEIRO,2080,820,8,PAINEL
 PAINEL LED LUX 40X40 32W 4000K EMBUTIT,220,110.64, JANEIRO,1320,656.16,6,PAINEL
 PLAFON LED 24w QUADRADO SOBREPOR 4000K,90,41.49, JANEIRO,2340,1261.26,26,PLAFON
 PAINEL LED 18W LUX QUADRADO SOBREPOR 4000K,55,28.32, JANEIRO,1320,640.32,24,PAINEL
 PAINEL LED 12W QUADRADO SOBREPOR 4000K,40,22.66, JANEIRO,320,138.72,8,PAINEL
 PAINEL LED 18W LUX REDONDO QUADRADO SOBREPOR 4000K,50,24.24, JANEIRO,1100,566.72,22,PAINEL
 PLAFON 18W QUADRADO EMBUTIE 4000K,55,25.2, JANEIRO,1210,655.6,22,PLAFON
 PAINEL LED 12W REDONDO EMBUTIR 4000K,35,20.22, JANEIRO,210,88.68,6,PAINEL
 PENDENTE TASCHIBRA TEARS 5XE27 PRETA,250,134.56, JANEIRO,500,230.88,2,PENDENTE
 DRIVE PARA PAINEL LED 24W AUTOVOLT,25,11.33, JANEIRO,300,164.04,12,DRIVE
 DRIVE PARA PAINEL LED 18W LUX AUTOVOLT,20,9.24, JANEIRO,160,86.08,8,DRIVE
 PAINEL LED 24W QUADRADO SOBREPOR 3000K,80,38.95, JANEIRO,2080,1067.3,26,PAINEL
 PAINEL DE LED 18W QUADRADO SOBREPOR 3000K,65,32.79, JANEIRO,1560,773.04,24,PAINEL
 PAINEL LED 12W LUX QUADRADO SOBREPOR 3000K,50,24.4, JANEIRO,650,332.8,13,PAINEL
 PAINEL LED 18W LUX QUADRADO EMBUTIR - 3000K,55,27.99, JANEIRO,1210,594.22,22,PAINEL
 PENDENTE BALOON 1xE27 BRANCA,140,81, JANEIRO,140,59,1,PENDENTE
 PENDENTE BALOON 1xE27 PRETO,140,83.58, JANEIRO,280,112.84,2,PENDENTE
 REFLETOR LED 50W 6500K PRETO,180,91.4, JANEIRO,1440,708.8,8,REFLETOR
 LAMPADA MINI DICROICA 3.5W 3000K 210LM,25,13.73, JANEIRO,450,202.86,18,LAMPADA
 REFLETOR LED 30W 3000K PRETO,120,66.78, JANEIRO,1680,745.08,14,REFLETOR
 REFLETOR TR LRD 10W SLIM 6500K PRETO,60,34.09, JANEIRO,1200,518.2,20,REFLETOR
 REFLETOR TR LED 10W SLIM 3000K PRETO,55,27.3, JANEIRO,1210,609.4,22,REFLETOR
 LAMPADA LED FIREWORKS VINTAGE D95,100,57.29, JANEIRO,1200,512.52,12,LAMPADA
 LAMPADA LED FIREWORKS VINTAGE G125,120,65.68, JANEIRO,960,434.56,8,LAMPADA
 LAMP LED AR111 24° 12W 2700K,100,59.19, JANEIRO,2800,1142.68,28,LAMP
 LAMPADA LED AR70 4.8W 2700K DIMERIZAVEL GU10,90,51.25, JANEIRO,3240,1395,36,LAMPADA
 LAMPADA MINI DICROICA DIMERIZAVEL 3.5W 3000K 210LM,60,33.2, JANEIRO,360,160.8,6,LAMPADA
 LUMINARIA DE EMERGENCIA LED PRATIC,40,23.98, JANEIRO,1680,672.84,42,LUMINARIA
 PENDENTE TASCHIBRA DOT METAL E COBRE,80,48.02, JANEIRO,80,31.98,1,PENDENTE
 TARTARUGA FORCE LED 12W 3000K,70,40.08, JANEIRO,0,0,0,TARTARUGA
 LAM.LED FILAMENTO VINTAGE DIM. ST64 127V AMBAR,50,28.76, JANEIRO,500,212.4,10,LAM.LED
 LAMPADA LED FILAMENTO VINTAGE GLOBO G80 AMBAR,45,24.44, JANEIRO,585,267.28,13,LAMPADA
 LAMPADA LED FILAMENTO VINTAGE ST64 AMBAR,40,22.6, JANEIRO,480,208.8,12,LAMPADA
 LAMPADA LED FILAMENTO VINTAGE 4W ST AMBAR,40,19.9, JANEIRO,640,321.6,16,LAMPADA
 PENDENTE TASCHIBRA AISHA BOREAL CONHAQUE 1xE27,120,70.33, JANEIRO,0,0,0,PENDENTE
 PENDENTE TASCHIBRA SARAH BOREAL CONHAQUE 1xE27,120,74.37, JANEIRO,0,0,0,PENDENTE
 PENDENTE TASCHIBRA YASMIN BOREAL CONHAQUE 1xE27,110,66.73, JANEIRO,220,86.54,2,PENDENTE
 VELA LED DECORATIVA 15 CM PILHA AMARELO,24.99,14.85, JANEIRO,149.94,60.84,6,VELA
 VELA LED DECORATIVA 10CM PILHA AMARELA,22.99,13.99, JANEIRO,137.94,54,6,VELA
 PENDENTE TASCHIBRA LAYLA P CANELADO CONHAQUE 1xE27,120,76.51, JANEIRO,0,0,0,PENDENTE
 PENDENTE TASCHIBRA BADIH P BOREAL CONHAQUE 1xE27 PT,120,73.4, JANEIRO,120,46.6,1,PENDENTE
 LAMP.LED TKL 30 4.9W 6500K,10,6.3, JANEIRO,300,111,30,LAMP.LED
 LAMPADA LED TKL30 4.9W 3000K 400LM,10,5.39, JANEIRO,420,193.62,42,LAMPADA
 DRIVE TASCHIBRA PARA PAINEL LED 30 / 24W AUTO VOLT,20,11.39, JANEIRO,120,51.66,6,DRIVE
 DRIVE TASCHIBRA PARA PAINEL LED 22 / 18W AUTO VOLT,20,9.29, JANEIRO,140,74.97,7,DRIVE
 LUMINARIA LED SLIM 20 EMB. 4000K BRANCA,310,177.56, JANEIRO,0,0,0,LUMINARIA
 LUMINARIA LED SLIM 10 EMB. 4000K BRANCA,180,87.5, JANEIRO,0,0,0,LUMINARIA
 PLAFON LED QUADRADO 18W SOB.3000K,70,37.83, JANEIRO,420,193.02,6,PLAFON
 PLAFON LED REDONDO 18W SOB.3000K,80,33.71, JANEIRO,640,370.32,8,PLAFON
 PAINEL LED 3W QUADRADO EMBUTIR 3000K,20,10.8, JANEIRO,420,193.2,21,PAINEL
 PAINEL LED 3W REDONDO EMBUTIR 3000K,20,10.26, JANEIRO,380,185.06,19,PAINEL
 SPOT EMB.LED 5W 3000K QUADRADO,35,21.51, JANEIRO,1120,431.68,32,SPOT
 DIFUSOR EM POLICARBONATO PARA TKL 5400,50,34.55, JANEIRO,650,200.85,13,DIFUSOR
 LAM.HIGH LED 5400 61W 6500K E27,279,176.51, JANEIRO,279,102.49,1,LAM.HIGH
 LAM.LED TDL35 4.9W 350LM 3000K GU10 DICROICA,20,11, JANEIRO,320,144,16,LAM.LED
 LAM.LED 250 3000K GU10,18,14.8, JANEIRO,630,112,35,LAM.LED
 ESPETO LED SOLAR PRATIC 3000K,60,43.63, JANEIRO,540,147.33,9,ESPETO
 LAMP HIGH LED TKL 4800 E27 6500K,200,19.54, JANEIRO,600,541.38,3,LAMP
 LAMP HIGH LED TKL 3600 E27 6500K,120,78.2, JANEIRO,1200,418,10,LAMP
 LAMP HIGH LED TKL 2700 E27 6500K,70,37.44, JANEIRO,980,455.84,14,LAMP
 PAINEL LED 30 QUADRADO 24W EMBUTIR 4000K,80,48.34, JANEIRO,720,284.94,9,PAINEL
 PAINEL LED 18W EMB.4000K,50,28.01, JANEIRO,650,285.87,13,PAINEL
 PLAFON LED 12W 4000K EMBUTIR QUADRADO PAINEL DE LED BRANCO,35,18.27, JANEIRO,735,351.33,21,PLAFON
 PLAFON LED 12W 4000K EMBUTIR REDONDO PAINEL DE LED BRANCO,38,22.49, JANEIRO,874,356.73,23,PLAFON
 PAINEL LED 30 QUADRADO 24W SOBREPOR 4000K,110,54.83, JANEIRO,330,165.51,3,PAINEL
 PAINEL DE LED 22 QUADRADO SOBREPOR 4000K,60,33.26, JANEIRO,720,320.88,12,PAINEL
 PAINEL LED 12W QUADRADO SOBREPOR 4000K,40,21.76, JANEIRO,440,200.64,11,PAINEL
 LAM.LED G9 3W 200LM 3000K HALLOPIN,35,20.61, JANEIRO,665,273.41,19,LAM.LED
 LAM.LED TKL 1400 6500K,33,19.67, JANEIRO,759,306.59,23,LAM.LED
 LAM.LED VELA TVL 250 CLARA 3000K,30,13, JANEIRO,960,544,32,LAM.LED
 LAMPADA LED TKL100 15W 6500K 1507LM,30,12.6, JANEIRO,870,504.6,29,LAMPADA
 LAMP LED BULBO TKL 15W 1507lm E27 3000K,30,16.87, JANEIRO,540,236.34,18,LAMP
 LAMP LED BULBO TKL 11W 1100lm E27 6500K,30,18.68, JANEIRO,660,249.04,22,LAMP
 LAMPADA LED TKL75 9.9W 4000K 1018LM,17,8.39, JANEIRO,340,172.2,20,LAMPADA
 LAMPADA LED TKL75 9.9W 3000K 1018LM,18,9.74, JANEIRO,288,132.16,16,LAMPADA
 PENDENTE ARAMADO UNI 605 1XE27,480,217.98, JANEIRO,0,0,0,PENDENTE
 CALHA BRILHARE 2X16 LED BRANCA,70,40.06, JANEIRO,70,29.94,1,CALHA
 LUMINARIA FIT LED 1X9W AUTOVOLT 6500k BRANCA,70,44.22, JANEIRO,140,51.56,2,LUMINARIA
 LAMP LED PAR 20 7W VERDE IP65 E27,40,25.38, JANEIRO,440,160.82,11,LAMP
 PLAFON LED QUADRADO FIT TSQL 18W / 22W 3000K,50,26.74, JANEIRO,400,186.08,8,PLAFON
 PLAFON LED 22 REDONDO EMB. 3000K,60,29.21, JANEIRO,600,307.9,10,PLAFON
 LAMP LED AR111 9W GU10 810LM 3000k,85,53, JANEIRO,1275,480,15,LAMP
 LAMP LED BULBO TKL 9W 900lm E27 6500K,12,5.75, JANEIRO,252,131.25,21,LAMP
 LAMP LED BULBO TKL 9W 900lm E27 4000K,25,14.29, JANEIRO,375,160.65,15,LAMP
 LAMPADA LED TKL60 9W 3000K 803LM,12,5.62, JANEIRO,240,127.6,20,LAMPADA
 LAMP LED BULBO TKL 6W 500 E27 4000K,20,12.9, JANEIRO,340,120.7,17,LAMP
 LAMP LED BULBO TKL 4.9W 500lm E27 3000K,11,6.58, JANEIRO,286,114.92,26,LAMP
 LUMINARIA LED TL SLIM 20 AUTOVOLT 4000K BRANCA,320,177.53, JANEIRO,0,0,0,LUMINARIA
 LUMINARIA LED TL SLIM 10 AUTOVOLT 4000K BRANCA,200,85.28, JANEIRO,0,0,0,LUMINARIA
 PLAFON LED 24W 3000K SOBREPOR QUADRADO TLPQ PAINEL DE LED BRANCO,110,54.83, JANEIRO,220,110.34,2,PLAFON
 PLAFON LED 30W 3000K SOBREPOR REDONDO,110,76.62, JANEIRO,110,33.38,1,PLAFON
 PLAFON LED 12W 3000K QUADRADO TLPQ PAINEL DE LED BRANCO,45,21.69, JANEIRO,495,256.41,11,PLAFON
 Tartaruga TTL 05 retangular 1xG9 3000K 127V LED BR,100,69.12, JANEIRO,0,0,0,Tartaruga
 PENDENTE TD 902 PRETO TEXTURARIZADO GRANDE,500,317.79, JANEIRO,0,0,0,PENDENTE
 PENDENTE TD 902 BRANCO TEXTURARIZADO,270,137.09, JANEIRO,0,0,0,PENDENTE
 LAMP LED TDL 07 6W 4000K GU-10,30,17.36, JANEIRO,990,417.12,33,LAMP
 REFLETOR LED 50W SLIM 6500K PRETO,140,63.9, FEVEREIRO,1260,684.9,9,REFLETOR
 LAMPADA LED TKL60 12W 3000K 1018LM,16,7.99, FEVEREIRO,2416,1209.51,151,LAMPADA
 PAINEL DE LED LUX 62X62 36W SOBREPOR 4000K,350,191, FEVEREIRO,4550,2067,13,PAINEL
 PAINEL DE LED LUX 62X62 36W SOBREPOR 3000K,350,191, FEVEREIRO,2800,1272,8,PAINEL
 PAINEL LED LUX 62X62 36W EMBUTIR 4000K 2520LM,315,174.99, FEVEREIRO,3465,1540.11,11,PAINEL
 PAINEL LED LUX 40X40 SPBREPOR 4000K,260,157.5, FEVEREIRO,2340,922.5,9,PAINEL
 PAINEL LED LUX 40X40 32W 4000K EMBUTIT,220,110.64, FEVEREIRO,1540,765.52,7,PAINEL
 PLAFON LED 24w QUADRADO SOBREPOR 4000K,90,41.49, FEVEREIRO,1980,1067.22,22,PLAFON
 PAINEL LED 18W LUX QUADRADO SOBREPOR 4000K,55,28.32, FEVEREIRO,1265,613.64,23,PAINEL
 PAINEL LED 12W QUADRADO SOBREPOR 4000K,40,22.66, FEVEREIRO,320,138.72,8,PAINEL
 PAINEL LED 18W LUX REDONDO QUADRADO SOBREPOR 4000K,50,24.24, FEVEREIRO,1200,618.24,24,PAINEL
 PLAFON 18W QUADRADO EMBUTIE 4000K,55,25.2, FEVEREIRO,1265,685.4,23,PLAFON
 PAINEL LED 12W REDONDO EMBUTIR 4000K,35,20.22, FEVEREIRO,140,59.12,4,PAINEL
 PENDENTE TASCHIBRA TEARS 5XE27 PRETA,250,134.56, FEVEREIRO,0,0,0,PENDENTE
 DRIVE PARA PAINEL LED 24W AUTOVOLT,25,11.33, FEVEREIRO,375,205.05,15,DRIVE
 DRIVE PARA PAINEL LED 18W LUX AUTOVOLT,20,9.24, FEVEREIRO,160,86.08,8,DRIVE
 PAINEL LED 24W QUADRADO SOBREPOR 3000K,80,38.95, FEVEREIRO,2160,1108.35,27,PAINEL
 PAINEL DE LED 18W QUADRADO SOBREPOR 3000K,65,32.79, FEVEREIRO,1560,773.04,24,PAINEL
 PAINEL LED 12W LUX QUADRADO SOBREPOR 3000K,50,24.4, FEVEREIRO,700,358.4,14,PAINEL
 PAINEL LED 18W LUX QUADRADO EMBUTIR - 3000K,55,27.99, FEVEREIRO,1045,513.19,19,PAINEL
 PENDENTE BALOON 1xE27 BRANCA,140,81, FEVEREIRO,420,177,3,PENDENTE
 PENDENTE BALOON 1xE27 PRETO,140,83.58, FEVEREIRO,280,112.84,2,PENDENTE
 REFLETOR LED 50W 6500K PRETO,180,91.4, FEVEREIRO,1260,620.2,7,REFLETOR
 LAMPADA MINI DICROICA 3.5W 3000K 210LM,25,13.73, FEVEREIRO,400,180.32,16,LAMPADA
 REFLETOR LED 30W 3000K PRETO,120,66.78, FEVEREIRO,1800,798.3,15,REFLETOR
 REFLETOR TR LRD 10W SLIM 6500K PRETO,60,34.09, FEVEREIRO,1380,595.93,23,REFLETOR
 REFLETOR TR LED 10W SLIM 3000K PRETO,55,27.3, FEVEREIRO,1155,581.7,21,REFLETOR
 LAMPADA LED FIREWORKS VINTAGE D95,100,57.29, FEVEREIRO,1200,512.52,12,LAMPADA
 LAMPADA LED FIREWORKS VINTAGE G125,120,65.68, FEVEREIRO,1080,488.88,9,LAMPADA
 LAMP LED AR111 24° 12W 2700K,100,59.19, FEVEREIRO,2900,1183.49,29,LAMP
 LAMPADA LED AR70 4.8W 2700K DIMERIZAVEL GU10,90,51.25, FEVEREIRO,2790,1201.25,31,LAMPADA
 LAMPADA MINI DICROICA DIMERIZAVEL 3.5W 3000K 210LM,60,33.2, FEVEREIRO,480,214.4,8,LAMPADA
 LUMINARIA DE EMERGENCIA LED PRATIC,40,23.98, FEVEREIRO,1840,736.92,46,LUMINARIA
 PENDENTE TASCHIBRA DOT METAL E COBRE,80,48.02, FEVEREIRO,0,0,0,PENDENTE
 TARTARUGA FORCE LED 12W 3000K,70,40.08, FEVEREIRO,140,59.84,2,TARTARUGA
 LAM.LED FILAMENTO VINTAGE DIM. ST64 127V AMBAR,50,28.76, FEVEREIRO,600,254.88,12,LAM.LED
 LAMPADA LED FILAMENTO VINTAGE GLOBO G80 AMBAR,45,24.44, FEVEREIRO,495,226.16,11,LAMPADA
 LAMPADA LED FILAMENTO VINTAGE ST64 AMBAR,40,22.6, FEVEREIRO,480,208.8,12,LAMPADA
 LAMPADA LED FILAMENTO VINTAGE 4W ST AMBAR,40,19.9, FEVEREIRO,600,301.5,15,LAMPADA
 PENDENTE TASCHIBRA AISHA BOREAL CONHAQUE 1xE27,120,70.33, FEVEREIRO,120,49.67,1,PENDENTE
 PENDENTE TASCHIBRA SARAH BOREAL CONHAQUE 1xE27,120,74.37, FEVEREIRO,0,0,0,PENDENTE
 PENDENTE TASCHIBRA YASMIN BOREAL CONHAQUE 1xE27,110,66.73, FEVEREIRO,0,0,0,PENDENTE
 VELA LED DECORATIVA 15 CM PILHA AMARELO,24.99,14.85, FEVEREIRO,99.96,40.56,4,VELA
 VELA LED DECORATIVA 10CM PILHA AMARELA,22.99,13.99, FEVEREIRO,114.95,45,5,VELA
 PENDENTE TASCHIBRA LAYLA P CANELADO CONHAQUE 1xE27,120,76.51, FEVEREIRO,0,0,0,PENDENTE
 PENDENTE TASCHIBRA BADIH P BOREAL CONHAQUE 1xE27 PT,120,73.4, FEVEREIRO,240,93.2,2,PENDENTE
 LAMP.LED TKL 30 4.9W 6500K,10,6.3, FEVEREIRO,350,129.5,35,LAMP.LED
 LAMPADA LED TKL30 4.9W 3000K 400LM,10,5.39, FEVEREIRO,450,207.45,45,LAMPADA
 DRIVE TASCHIBRA PARA PAINEL LED 30 / 24W AUTO VOLT,20,11.39, FEVEREIRO,120,51.66,6,DRIVE
 DRIVE TASCHIBRA PARA PAINEL LED 22 / 18W AUTO VOLT,20,9.29, FEVEREIRO,160,85.68,8,DRIVE
 LUMINARIA LED SLIM 20 EMB. 4000K BRANCA,310,177.56, FEVEREIRO,0,0,0,LUMINARIA
 LUMINARIA LED SLIM 10 EMB. 4000K BRANCA,180,87.5, FEVEREIRO,180,92.5,1,LUMINARIA
 PLAFON LED QUADRADO 18W SOB.3000K,70,37.83, FEVEREIRO,560,257.36,8,PLAFON
 PLAFON LED REDONDO 18W SOB.3000K,80,33.71, FEVEREIRO,800,462.9,10,PLAFON
 PAINEL LED 3W QUADRADO EMBUTIR 3000K,20,10.8, FEVEREIRO,460,211.6,23,PAINEL
 PAINEL LED 3W REDONDO EMBUTIR 3000K,20,10.26, FEVEREIRO,420,204.54,21,PAINEL
 SPOT EMB.LED 5W 3000K QUADRADO,35,21.51, FEVEREIRO,1155,445.17,33,SPOT
 DIFUSOR EM POLICARBONATO PARA TKL 5400,50,34.55, FEVEREIRO,650,200.85,13,DIFUSOR
 LAM.HIGH LED 5400 61W 6500K E27,279,176.51, FEVEREIRO,0,0,0,LAM.HIGH
 LAM.LED TDL35 4.9W 350LM 3000K GU10 DICROICA,20,11, FEVEREIRO,300,135,15,LAM.LED
 LAM.LED 250 3000K GU10,18,14.8, FEVEREIRO,612,108.8,34,LAM.LED
 ESPETO LED SOLAR PRATIC 3000K,60,43.63, FEVEREIRO,660,180.07,11,ESPETO
 LAMP HIGH LED TKL 4800 E27 6500K,200,19.54, FEVEREIRO,0,0,0,LAMP
 LAMP HIGH LED TKL 3600 E27 6500K,120,78.2, FEVEREIRO,840,292.6,7,LAMP
 LAMP HIGH LED TKL 2700 E27 6500K,70,37.44, FEVEREIRO,980,455.84,14,LAMP
 PAINEL LED 30 QUADRADO 24W EMBUTIR 4000K,80,48.34, FEVEREIRO,720,284.94,9,PAINEL
 PAINEL LED 18W EMB.4000K,50,28.01, FEVEREIRO,800,351.84,16,PAINEL
 PLAFON LED 12W 4000K EMBUTIR QUADRADO PAINEL DE LED BRANCO,35,18.27, FEVEREIRO,910,434.98,26,PLAFON
 PLAFON LED 12W 4000K EMBUTIR REDONDO PAINEL DE LED BRANCO,38,22.49, FEVEREIRO,836,341.22,22,PLAFON
 PAINEL LED 30 QUADRADO 24W SOBREPOR 4000K,110,54.83, FEVEREIRO,330,165.51,3,PAINEL
 PAINEL DE LED 22 QUADRADO SOBREPOR 4000K,60,33.26, FEVEREIRO,720,320.88,12,PAINEL
 PAINEL LED 12W QUADRADO SOBREPOR 4000K,40,21.76, FEVEREIRO,520,237.12,13,PAINEL
 LAM.LED G9 3W 200LM 3000K HALLOPIN,35,20.61, FEVEREIRO,700,287.8,20,LAM.LED
 LAM.LED TKL 1400 6500K,33,19.67, FEVEREIRO,858,346.58,26,LAM.LED
 LAM.LED VELA TVL 250 CLARA 3000K,30,13, FEVEREIRO,930,527,31,LAM.LED
 LAMPADA LED TKL100 15W 6500K 1507LM,30,12.6, FEVEREIRO,870,504.6,29,LAMPADA
 LAMP LED BULBO TKL 15W 1507lm E27 3000K,30,16.87, FEVEREIRO,570,249.47,19,LAMP
 LAMP LED BULBO TKL 11W 1100lm E27 6500K,30,18.68, FEVEREIRO,690,260.36,23,LAMP
 LAMPADA LED TKL75 9.9W 4000K 1018LM,17,8.39, FEVEREIRO,323,163.59,19,LAMPADA
 LAMPADA LED TKL75 9.9W 3000K 1018LM,18,9.74, FEVEREIRO,306,140.42,17,LAMPADA
 PENDENTE ARAMADO UNI 605 1XE27,480,217.98, FEVEREIRO,0,0,0,PENDENTE
 CALHA BRILHARE 2X16 LED BRANCA,70,40.06, FEVEREIRO,280,119.76,4,CALHA
 LUMINARIA FIT LED 1X9W AUTOVOLT 6500k BRANCA,70,44.22, FEVEREIRO,70,25.78,1,LUMINARIA
 LAMP LED PAR 20 7W VERDE IP65 E27,40,25.38, FEVEREIRO,600,219.3,15,LAMP
 PLAFON LED QUADRADO FIT TSQL 18W / 22W 3000K,50,26.74, FEVEREIRO,300,139.56,6,PLAFON
 PLAFON LED 22 REDONDO EMB. 3000K,60,29.21, FEVEREIRO,720,369.48,12,PLAFON
 LAMP LED AR111 9W GU10 810LM 3000k,85,53, FEVEREIRO,1105,416,13,LAMP
 LAMP LED BULBO TKL 9W 900lm E27 6500K,12,5.75, FEVEREIRO,276,143.75,23,LAMP
 LAMP LED BULBO TKL 9W 900lm E27 4000K,25,14.29, FEVEREIRO,375,160.65,15,LAMP
 LAMPADA LED TKL60 9W 3000K 803LM,12,5.62, FEVEREIRO,252,133.98,21,LAMPADA
 LAMP LED BULBO TKL 6W 500 E27 4000K,20,12.9, FEVEREIRO,360,127.8,18,LAMP
 LAMP LED BULBO TKL 4.9W 500lm E27 3000K,11,6.58, FEVEREIRO,275,110.5,25,LAMP
 LUMINARIA LED TL SLIM 20 AUTOVOLT 4000K BRANCA,320,177.53, FEVEREIRO,0,0,0,LUMINARIA
 LUMINARIA LED TL SLIM 10 AUTOVOLT 4000K BRANCA,200,85.28, FEVEREIRO,0,0,0,LUMINARIA
 PLAFON LED 24W 3000K SOBREPOR QUADRADO TLPQ PAINEL DE LED BRANCO,110,54.83, FEVEREIRO,110,55.17,1,PLAFON
 PLAFON LED 30W 3000K SOBREPOR REDONDO,110,76.62, FEVEREIRO,110,33.38,1,PLAFON
 PLAFON LED 12W 3000K QUADRADO TLPQ PAINEL DE LED BRANCO,45,21.69, FEVEREIRO,450,233.1,10,PLAFON
 Tartaruga TTL 05 retangular 1xG9 3000K 127V LED BR,100,69.12, FEVEREIRO,300,92.64,3,Tartaruga
 PENDENTE TD 902 PRETO TEXTURARIZADO GRANDE,500,317.79, FEVEREIRO,0,0,0,PENDENTE
 PENDENTE TD 902 BRANCO TEXTURARIZADO,270,137.09, FEVEREIRO,0,0,0,PENDENTE
 LAMP LED TDL 07 6W 4000K GU-10,30,17.36, FEVEREIRO,1080,455.04,36,LAMP
 REFLETOR LED 50W SLIM 6500K PRETO,140,63.9, MARÇO,1540,837.1,11,REFLETOR
 LAMPADA LED TKL60 12W 3000K 1018LM,16,7.99, MARÇO,2848,1425.78,178,LAMPADA
 PAINEL DE LED LUX 62X62 36W SOBREPOR 4000K,350,191, MARÇO,5250,2385,15,PAINEL
 PAINEL DE LED LUX 62X62 36W SOBREPOR 3000K,350,191, MARÇO,4200,1908,12,PAINEL
 PAINEL LED LUX 62X62 36W EMBUTIR 4000K 2520LM,315,174.99, MARÇO,3150,1400.1,10,PAINEL
 PAINEL LED LUX 40X40 SPBREPOR 4000K,260,157.5, MARÇO,3120,1230,12,PAINEL
 PAINEL LED LUX 40X40 32W 4000K EMBUTIT,220,110.64, MARÇO,1760,874.88,8,PAINEL
 PLAFON LED 24w QUADRADO SOBREPOR 4000K,90,41.49, MARÇO,2070,1115.73,23,PLAFON
 PAINEL LED 18W LUX QUADRADO SOBREPOR 4000K,55,28.32, MARÇO,1430,693.68,26,PAINEL
 PAINEL LED 12W QUADRADO SOBREPOR 4000K,40,22.66, MARÇO,360,156.06,9,PAINEL
 PAINEL LED 18W LUX REDONDO QUADRADO SOBREPOR 4000K,50,24.24, MARÇO,1250,644,25,PAINEL
 PLAFON 18W QUADRADO EMBUTIE 4000K,55,25.2, MARÇO,1375,745,25,PLAFON
 PAINEL LED 12W REDONDO EMBUTIR 4000K,35,20.22, MARÇO,175,73.9,5,PAINEL
 PENDENTE TASCHIBRA TEARS 5XE27 PRETA,250,134.56, MARÇO,500,230.88,2,PENDENTE
 DRIVE PARA PAINEL LED 24W AUTOVOLT,25,11.33, MARÇO,400,218.72,16,DRIVE
 DRIVE PARA PAINEL LED 18W LUX AUTOVOLT,20,9.24, MARÇO,180,96.84,9,DRIVE
 PAINEL LED 24W QUADRADO SOBREPOR 3000K,80,38.95, MARÇO,2320,1190.45,29,PAINEL
 PAINEL DE LED 18W QUADRADO SOBREPOR 3000K,65,32.79, MARÇO,1755,869.67,27,PAINEL
 PAINEL LED 12W LUX QUADRADO SOBREPOR 3000K,50,24.4, MARÇO,850,435.2,17,PAINEL
 PAINEL LED 18W LUX QUADRADO EMBUTIR - 3000K,55,27.99, MARÇO,1320,648.24,24,PAINEL
 PENDENTE BALOON 1xE27 BRANCA,140,81, MARÇO,420,177,3,PENDENTE
 PENDENTE BALOON 1xE27 PRETO,140,83.58, MARÇO,420,169.26,3,PENDENTE
 REFLETOR LED 50W 6500K PRETO,180,91.4, MARÇO,1440,708.8,8,REFLETOR
 LAMPADA MINI DICROICA 3.5W 3000K 210LM,25,13.73, MARÇO,425,191.59,17,LAMPADA
 REFLETOR LED 30W 3000K PRETO,120,66.78, MARÇO,2040,904.74,17,REFLETOR
 REFLETOR TR LRD 10W SLIM 6500K PRETO,60,34.09, MARÇO,1500,647.75,25,REFLETOR
 REFLETOR TR LED 10W SLIM 3000K PRETO,55,27.3, MARÇO,1265,637.1,23,REFLETOR
 LAMPADA LED FIREWORKS VINTAGE D95,100,57.29, MARÇO,1300,555.23,13,LAMPADA
 LAMPADA LED FIREWORKS VINTAGE G125,120,65.68, MARÇO,1200,543.2,10,LAMPADA
 LAMP LED AR111 24° 12W 2700K,100,59.19, MARÇO,2800,1142.68,28,LAMP
 LAMPADA LED AR70 4.8W 2700K DIMERIZAVEL GU10,90,51.25, MARÇO,3510,1511.25,39,LAMPADA
 LAMPADA MINI DICROICA DIMERIZAVEL 3.5W 3000K 210LM,60,33.2, MARÇO,480,214.4,8,LAMPADA
 LUMINARIA DE EMERGENCIA LED PRATIC,40,23.98, MARÇO,1760,704.88,44,LUMINARIA
 PENDENTE TASCHIBRA DOT METAL E COBRE,80,48.02, MARÇO,160,63.96,2,PENDENTE
 TARTARUGA FORCE LED 12W 3000K,70,40.08, MARÇO,0,0,0,TARTARUGA
 LAM.LED FILAMENTO VINTAGE DIM. ST64 127V AMBAR,50,28.76, MARÇO,550,233.64,11,LAM.LED
 LAMPADA LED FILAMENTO VINTAGE GLOBO G80 AMBAR,45,24.44, MARÇO,630,287.84,14,LAMPADA
 LAMPADA LED FILAMENTO VINTAGE ST64 AMBAR,40,22.6, MARÇO,520,226.2,13,LAMPADA
 LAMPADA LED FILAMENTO VINTAGE 4W ST AMBAR,40,19.9, MARÇO,680,341.7,17,LAMPADA
 PENDENTE TASCHIBRA AISHA BOREAL CONHAQUE 1xE27,120,70.33, MARÇO,0,0,0,PENDENTE
 PENDENTE TASCHIBRA SARAH BOREAL CONHAQUE 1xE27,120,74.37, MARÇO,0,0,0,PENDENTE
 PENDENTE TASCHIBRA YASMIN BOREAL CONHAQUE 1xE27,110,66.73, MARÇO,0,0,0,PENDENTE
 VELA LED DECORATIVA 15 CM PILHA AMARELO,24.99,14.85, MARÇO,174.93,70.98,7,VELA
 VELA LED DECORATIVA 10CM PILHA AMARELA,22.99,13.99, MARÇO,114.95,45,5,VELA
 PENDENTE TASCHIBRA LAYLA P CANELADO CONHAQUE 1xE27,120,76.51, MARÇO,120,43.49,1,PENDENTE
 PENDENTE TASCHIBRA BADIH P BOREAL CONHAQUE 1xE27 PT,120,73.4, MARÇO,240,93.2,2,PENDENTE
 LAMP.LED TKL 30 4.9W 6500K,10,6.3, MARÇO,330,122.1,33,LAMP.LED
 LAMPADA LED TKL30 4.9W 3000K 400LM,10,5.39, MARÇO,460,212.06,46,LAMPADA
 DRIVE TASCHIBRA PARA PAINEL LED 30 / 24W AUTO VOLT,20,11.39, MARÇO,140,60.27,7,DRIVE
 DRIVE TASCHIBRA PARA PAINEL LED 22 / 18W AUTO VOLT,20,9.29, MARÇO,160,85.68,8,DRIVE
 LUMINARIA LED SLIM 20 EMB. 4000K BRANCA,310,177.56, MARÇO,310,132.44,1,LUMINARIA
 LUMINARIA LED SLIM 10 EMB. 4000K BRANCA,180,87.5, MARÇO,0,0,0,LUMINARIA
 PLAFON LED QUADRADO 18W SOB.3000K,70,37.83, MARÇO,560,257.36,8,PLAFON
 PLAFON LED REDONDO 18W SOB.3000K,80,33.71, MARÇO,960,555.48,12,PLAFON
 PAINEL LED 3W QUADRADO EMBUTIR 3000K,20,10.8, MARÇO,460,211.6,23,PAINEL
 PAINEL LED 3W REDONDO EMBUTIR 3000K,20,10.26, MARÇO,420,204.54,21,PAINEL
 SPOT EMB.LED 5W 3000K QUADRADO,35,21.51, MARÇO,1155,445.17,33,SPOT
 DIFUSOR EM POLICARBONATO PARA TKL 5400,50,34.55, MARÇO,600,185.4,12,DIFUSOR
 LAM.HIGH LED 5400 61W 6500K E27,279,176.51, MARÇO,0,0,0,LAM.HIGH
 LAM.LED TDL35 4.9W 350LM 3000K GU10 DICROICA,20,11, MARÇO,260,117,13,LAM.LED
 LAM.LED 250 3000K GU10,18,14.8, MARÇO,558,99.2,31,LAM.LED
 ESPETO LED SOLAR PRATIC 3000K,60,43.63, MARÇO,660,180.07,11,ESPETO
 LAMP HIGH LED TKL 4800 E27 6500K,200,19.54, MARÇO,0,0,0,LAMP
 LAMP HIGH LED TKL 3600 E27 6500K,120,78.2, MARÇO,600,209,5,LAMP
 LAMP HIGH LED TKL 2700 E27 6500K,70,37.44, MARÇO,840,390.72,12,LAMP
 PAINEL LED 30 QUADRADO 24W EMBUTIR 4000K,80,48.34, MARÇO,800,316.6,10,PAINEL
 PAINEL LED 18W EMB.4000K,50,28.01, MARÇO,750,329.85,15,PAINEL
 PLAFON LED 12W 4000K EMBUTIR QUADRADO PAINEL DE LED BRANCO,35,18.27, MARÇO,840,401.52,24,PLAFON
 PLAFON LED 12W 4000K EMBUTIR REDONDO PAINEL DE LED BRANCO,38,22.49, MARÇO,912,372.24,24,PLAFON
 PAINEL LED 30 QUADRADO 24W SOBREPOR 4000K,110,54.83, MARÇO,0,0,0,PAINEL
 PAINEL DE LED 22 QUADRADO SOBREPOR 4000K,60,33.26, MARÇO,780,347.62,13,PAINEL
 PAINEL LED 12W QUADRADO SOBREPOR 4000K,40,21.76, MARÇO,640,291.84,16,PAINEL
 LAM.LED G9 3W 200LM 3000K HALLOPIN,35,20.61, MARÇO,735,302.19,21,LAM.LED
 LAM.LED TKL 1400 6500K,33,19.67, MARÇO,759,306.59,23,LAM.LED
 LAM.LED VELA TVL 250 CLARA 3000K,30,13, MARÇO,900,510,30,LAM.LED
 LAMPADA LED TKL100 15W 6500K 1507LM,30,12.6, MARÇO,960,556.8,32,LAMPADA
 LAMP LED BULBO TKL 15W 1507lm E27 3000K,30,16.87, MARÇO,570,249.47,19,LAMP
 LAMP LED BULBO TKL 11W 1100lm E27 6500K,30,18.68, MARÇO,660,249.04,22,LAMP
 LAMPADA LED TKL75 9.9W 4000K 1018LM,17,8.39, MARÇO,340,172.2,20,LAMPADA
 LAMPADA LED TKL75 9.9W 3000K 1018LM,18,9.74, MARÇO,342,156.94,19,LAMPADA
 PENDENTE ARAMADO UNI 605 1XE27,480,217.98, MARÇO,0,0,0,PENDENTE
 CALHA BRILHARE 2X16 LED BRANCA,70,40.06, MARÇO,420,179.64,6,CALHA
 LUMINARIA FIT LED 1X9W AUTOVOLT 6500k BRANCA,70,44.22, MARÇO,0,0,0,LUMINARIA
 LAMP LED PAR 20 7W VERDE IP65 E27,40,25.38, MARÇO,720,263.16,18,LAMP
 PLAFON LED QUADRADO FIT TSQL 18W / 22W 3000K,50,26.74, MARÇO,300,139.56,6,PLAFON
 PLAFON LED 22 REDONDO EMB. 3000K,60,29.21, MARÇO,660,338.69,11,PLAFON
 LAMP LED AR111 9W GU10 810LM 3000k,85,53, MARÇO,1190,448,14,LAMP
 LAMP LED BULBO TKL 9W 900lm E27 6500K,12,5.75, MARÇO,264,137.5,22,LAMP
 LAMP LED BULBO TKL 9W 900lm E27 4000K,25,14.29, MARÇO,350,149.94,14,LAMP
 LAMPADA LED TKL60 9W 3000K 803LM,12,5.62, MARÇO,228,121.22,19,LAMPADA
 LAMP LED BULBO TKL 6W 500 E27 4000K,20,12.9, MARÇO,380,134.9,19,LAMP
 LAMP LED BULBO TKL 4.9W 500lm E27 3000K,11,6.58, MARÇO,297,119.34,27,LAMP
 LUMINARIA LED TL SLIM 20 AUTOVOLT 4000K BRANCA,320,177.53, MARÇO,0,0,0,LUMINARIA
 LUMINARIA LED TL SLIM 10 AUTOVOLT 4000K BRANCA,200,85.28, MARÇO,0,0,0,LUMINARIA
 PLAFON LED 24W 3000K SOBREPOR QUADRADO TLPQ PAINEL DE LED BRANCO,110,54.83, MARÇO,220,110.34,2,PLAFON
 PLAFON LED 30W 3000K SOBREPOR REDONDO,110,76.62, MARÇO,0,0,0,PLAFON
 PLAFON LED 12W 3000K QUADRADO TLPQ PAINEL DE LED BRANCO,45,21.69, MARÇO,540,279.72,12,PLAFON
 Tartaruga TTL 05 retangular 1xG9 3000K 127V LED BR,100,69.12, MARÇO,0,0,0,Tartaruga
 PENDENTE TD 902 PRETO TEXTURARIZADO GRANDE,500,317.79, MARÇO,0,0,0,PENDENTE
 PENDENTE TD 902 BRANCO TEXTURARIZADO,270,137.09, MARÇO,0,0,0,PENDENTE
 LAMP LED TDL 07 6W 4000K GU-10,30,17.36, MARÇO,1050,442.4,35,LAMP
 REFLETOR LED 50W SLIM 6500K PRETO,140,63.9, ABRIL,1820,989.3,13,REFLETOR
 LAMPADA LED TKL60 12W 3000K 1018LM,16,7.99, ABRIL,2928,1465.83,183,LAMPADA
 PAINEL DE LED LUX 62X62 36W SOBREPOR 4000K,350,191, ABRIL,5250,2385,15,PAINEL
 PAINEL DE LED LUX 62X62 36W SOBREPOR 3000K,350,191, ABRIL,4200,1908,12,PAINEL
 PAINEL LED LUX 62X62 36W EMBUTIR 4000K 2520LM,315,174.99, ABRIL,3150,1400.1,10,PAINEL
 PAINEL LED LUX 40X40 SPBREPOR 4000K,260,157.5, ABRIL,2600,1025,10,PAINEL
 PAINEL LED LUX 40X40 32W 4000K EMBUTIT,220,110.64, ABRIL,1760,874.88,8,PAINEL
 PLAFON LED 24w QUADRADO SOBREPOR 4000K,90,41.49, ABRIL,2700,1455.3,30,PLAFON
 PAINEL LED 18W LUX QUADRADO SOBREPOR 4000K,55,28.32, ABRIL,1540,747.04,28,PAINEL
 PAINEL LED 12W QUADRADO SOBREPOR 4000K,40,22.66, ABRIL,440,190.74,11,PAINEL
 PAINEL LED 18W LUX REDONDO QUADRADO SOBREPOR 4000K,50,24.24, ABRIL,1350,695.52,27,PAINEL
 PLAFON 18W QUADRADO EMBUTIE 4000K,55,25.2, ABRIL,1320,715.2,24,PLAFON
 PAINEL LED 12W REDONDO EMBUTIR 4000K,35,20.22, ABRIL,210,88.68,6,PAINEL
 PENDENTE TASCHIBRA TEARS 5XE27 PRETA,250,134.56, ABRIL,750,346.32,3,PENDENTE
 DRIVE PARA PAINEL LED 24W AUTOVOLT,25,11.33, ABRIL,400,218.72,16,DRIVE
 DRIVE PARA PAINEL LED 18W LUX AUTOVOLT,20,9.24, ABRIL,220,118.36,11,DRIVE
 PAINEL LED 24W QUADRADO SOBREPOR 3000K,80,38.95, ABRIL,2480,1272.55,31,PAINEL
 PAINEL DE LED 18W QUADRADO SOBREPOR 3000K,65,32.79, ABRIL,1885,934.09,29,PAINEL
 PAINEL LED 12W LUX QUADRADO SOBREPOR 3000K,50,24.4, ABRIL,750,384,15,PAINEL
 PAINEL LED 18W LUX QUADRADO EMBUTIR - 3000K,55,27.99, ABRIL,1430,702.26,26,PAINEL
 PENDENTE BALOON 1xE27 BRANCA,140,81, ABRIL,140,59,1,PENDENTE
 PENDENTE BALOON 1xE27 PRETO,140,83.58, ABRIL,140,56.42,1,PENDENTE
 REFLETOR LED 50W 6500K PRETO,180,91.4, ABRIL,1800,886,10,REFLETOR
 LAMPADA MINI DICROICA 3.5W 3000K 210LM,25,13.73, ABRIL,500,225.4,20,LAMPADA
 REFLETOR LED 30W 3000K PRETO,120,66.78, ABRIL,1920,851.52,16,REFLETOR
 REFLETOR TR LRD 10W SLIM 6500K PRETO,60,34.09, ABRIL,1440,621.84,24,REFLETOR
 REFLETOR TR LED 10W SLIM 3000K PRETO,55,27.3, ABRIL,1430,720.2,26,REFLETOR
 LAMPADA LED FIREWORKS VINTAGE D95,100,57.29, ABRIL,1500,640.65,15,LAMPADA
 LAMPADA LED FIREWORKS VINTAGE G125,120,65.68, ABRIL,1200,543.2,10,LAMPADA
 LAMP LED AR111 24° 12W 2700K,100,59.19, ABRIL,3200,1305.92,32,LAMP
 LAMPADA LED AR70 4.8W 2700K DIMERIZAVEL GU10,90,51.25, ABRIL,3870,1666.25,43,LAMPADA
 LAMPADA MINI DICROICA DIMERIZAVEL 3.5W 3000K 210LM,60,33.2, ABRIL,420,187.6,7,LAMPADA
 LUMINARIA DE EMERGENCIA LED PRATIC,40,23.98, ABRIL,2000,801,50,LUMINARIA
 PENDENTE TASCHIBRA DOT METAL E COBRE,80,48.02, ABRIL,160,63.96,2,PENDENTE
 TARTARUGA FORCE LED 12W 3000K,70,40.08, ABRIL,0,0,0,TARTARUGA
 LAM.LED FILAMENTO VINTAGE DIM. ST64 127V AMBAR,50,28.76, ABRIL,600,254.88,12,LAM.LED
 LAMPADA LED FILAMENTO VINTAGE GLOBO G80 AMBAR,45,24.44, ABRIL,675,308.4,15,LAMPADA
 LAMPADA LED FILAMENTO VINTAGE ST64 AMBAR,40,22.6, ABRIL,640,278.4,16,LAMPADA
 LAMPADA LED FILAMENTO VINTAGE 4W ST AMBAR,40,19.9, ABRIL,720,361.8,18,LAMPADA
 PENDENTE TASCHIBRA AISHA BOREAL CONHAQUE 1xE27,120,70.33, ABRIL,0,0,0,PENDENTE
 PENDENTE TASCHIBRA SARAH BOREAL CONHAQUE 1xE27,120,74.37, ABRIL,0,0,0,PENDENTE
 PENDENTE TASCHIBRA YASMIN BOREAL CONHAQUE 1xE27,110,66.73, ABRIL,330,129.81,3,PENDENTE
 VELA LED DECORATIVA 15 CM PILHA AMARELO,24.99,14.85, ABRIL,199.92,81.12,8,VELA
 VELA LED DECORATIVA 10CM PILHA AMARELA,22.99,13.99, ABRIL,183.92,72,8,VELA
 PENDENTE TASCHIBRA LAYLA P CANELADO CONHAQUE 1xE27,120,76.51, ABRIL,120,43.49,1,PENDENTE
 PENDENTE TASCHIBRA BADIH P BOREAL CONHAQUE 1xE27 PT,120,73.4, ABRIL,120,46.6,1,PENDENTE
 LAMP.LED TKL 30 4.9W 6500K,10,6.3, ABRIL,370,136.9,37,LAMP.LED
 LAMPADA LED TKL30 4.9W 3000K 400LM,10,5.39, ABRIL,520,239.72,52,LAMPADA
 DRIVE TASCHIBRA PARA PAINEL LED 30 / 24W AUTO VOLT,20,11.39, ABRIL,160,68.88,8,DRIVE
 DRIVE TASCHIBRA PARA PAINEL LED 22 / 18W AUTO VOLT,20,9.29, ABRIL,140,74.97,7,DRIVE
 LUMINARIA LED SLIM 20 EMB. 4000K BRANCA,310,177.56, ABRIL,0,0,0,LUMINARIA
 LUMINARIA LED SLIM 10 EMB. 4000K BRANCA,180,87.5, ABRIL,0,0,0,LUMINARIA
 PLAFON LED QUADRADO 18W SOB.3000K,70,37.83, ABRIL,630,289.53,9,PLAFON
 PLAFON LED REDONDO 18W SOB.3000K,80,33.71, ABRIL,800,462.9,10,PLAFON
 PAINEL LED 3W QUADRADO EMBUTIR 3000K,20,10.8, ABRIL,500,230,25,PAINEL
 PAINEL LED 3W REDONDO EMBUTIR 3000K,20,10.26, ABRIL,380,185.06,19,PAINEL
 SPOT EMB.LED 5W 3000K QUADRADO,35,21.51, ABRIL,1225,472.15,35,SPOT
 DIFUSOR EM POLICARBONATO PARA TKL 5400,50,34.55, ABRIL,600,185.4,12,DIFUSOR
 LAM.HIGH LED 5400 61W 6500K E27,279,176.51, ABRIL,0,0,0,LAM.HIGH
 LAM.LED TDL35 4.9W 350LM 3000K GU10 DICROICA,20,11, ABRIL,260,117,13,LAM.LED
 LAM.LED 250 3000K GU10,18,14.8, ABRIL,666,118.4,37,LAM.LED
 ESPETO LED SOLAR PRATIC 3000K,60,43.63, ABRIL,720,196.44,12,ESPETO
 LAMP HIGH LED TKL 4800 E27 6500K,200,19.54, ABRIL,0,0,0,LAMP
 LAMP HIGH LED TKL 3600 E27 6500K,120,78.2, ABRIL,960,334.4,8,LAMP
 LAMP HIGH LED TKL 2700 E27 6500K,70,37.44, ABRIL,910,423.28,13,LAMP
 PAINEL LED 30 QUADRADO 24W EMBUTIR 4000K,80,48.34, ABRIL,800,316.6,10,PAINEL
 PAINEL LED 18W EMB.4000K,50,28.01, ABRIL,800,351.84,16,PAINEL
 PLAFON LED 12W 4000K EMBUTIR QUADRADO PAINEL DE LED BRANCO,35,18.27, ABRIL,1050,501.9,30,PLAFON
 PLAFON LED 12W 4000K EMBUTIR REDONDO PAINEL DE LED BRANCO,38,22.49, ABRIL,836,341.22,22,PLAFON
 PAINEL LED 30 QUADRADO 24W SOBREPOR 4000K,110,54.83, ABRIL,220,110.34,2,PAINEL
 PAINEL DE LED 22 QUADRADO SOBREPOR 4000K,60,33.26, ABRIL,960,427.84,16,PAINEL
 PAINEL LED 12W QUADRADO SOBREPOR 4000K,40,21.76, ABRIL,560,255.36,14,PAINEL
 LAM.LED G9 3W 200LM 3000K HALLOPIN,35,20.61, ABRIL,805,330.97,23,LAM.LED
 LAM.LED TKL 1400 6500K,33,19.67, ABRIL,792,319.92,24,LAM.LED
 LAM.LED VELA TVL 250 CLARA 3000K,30,13, ABRIL,990,561,33,LAM.LED
 LAMPADA LED TKL100 15W 6500K 1507LM,30,12.6, ABRIL,930,539.4,31,LAMPADA
 LAMP LED BULBO TKL 15W 1507lm E27 3000K,30,16.87, ABRIL,540,236.34,18,LAMP
 LAMP LED BULBO TKL 11W 1100lm E27 6500K,30,18.68, ABRIL,720,271.68,24,LAMP
 LAMPADA LED TKL75 9.9W 4000K 1018LM,17,8.39, ABRIL,340,172.2,20,LAMPADA
 LAMPADA LED TKL75 9.9W 3000K 1018LM,18,9.74, ABRIL,324,148.68,18,LAMPADA
 PENDENTE ARAMADO UNI 605 1XE27,480,217.98, ABRIL,0,0,0,PENDENTE
 CALHA BRILHARE 2X16 LED BRANCA,70,40.06, ABRIL,700,299.4,10,CALHA
 LUMINARIA FIT LED 1X9W AUTOVOLT 6500k BRANCA,70,44.22, ABRIL,0,0,0,LUMINARIA
 LAMP LED PAR 20 7W VERDE IP65 E27,40,25.38, ABRIL,720,263.16,18,LAMP
 PLAFON LED QUADRADO FIT TSQL 18W / 22W 3000K,50,26.74, ABRIL,350,162.82,7,PLAFON
 PLAFON LED 22 REDONDO EMB. 3000K,60,29.21, ABRIL,780,400.27,13,PLAFON
 LAMP LED AR111 9W GU10 810LM 3000k,85,53, ABRIL,935,352,11,LAMP
 LAMP LED BULBO TKL 9W 900lm E27 6500K,12,5.75, ABRIL,252,131.25,21,LAMP
 LAMP LED BULBO TKL 9W 900lm E27 4000K,25,14.29, ABRIL,400,171.36,16,LAMP
 LAMPADA LED TKL60 9W 3000K 803LM,12,5.62, ABRIL,276,146.74,23,LAMPADA
 LAMP LED BULBO TKL 6W 500 E27 4000K,20,12.9, ABRIL,340,120.7,17,LAMP
 LAMP LED BULBO TKL 4.9W 500lm E27 3000K,11,6.58, ABRIL,319,128.18,29,LAMP
 LUMINARIA LED TL SLIM 20 AUTOVOLT 4000K BRANCA,320,177.53, ABRIL,0,0,0,LUMINARIA
 LUMINARIA LED TL SLIM 10 AUTOVOLT 4000K BRANCA,200,85.28, ABRIL,0,0,0,LUMINARIA
 PLAFON LED 24W 3000K SOBREPOR QUADRADO TLPQ PAINEL DE LED BRANCO,110,54.83, ABRIL,220,110.34,2,PLAFON
 PLAFON LED 30W 3000K SOBREPOR REDONDO,110,76.62, ABRIL,0,0,0,PLAFON
 PLAFON LED 12W 3000K QUADRADO TLPQ PAINEL DE LED BRANCO,45,21.69, ABRIL,450,233.1,10,PLAFON
 Tartaruga TTL 05 retangular 1xG9 3000K 127V LED BR,100,69.12, ABRIL,500,154.4,5,Tartaruga
 PENDENTE TD 902 PRETO TEXTURARIZADO GRANDE,500,317.79, ABRIL,0,0,0,PENDENTE
 PENDENTE TD 902 BRANCO TEXTURARIZADO,270,137.09, ABRIL,0,0,0,PENDENTE
 LAMP LED TDL 07 6W 4000K GU-10,30,17.36, ABRIL,1080,455.04,36,LAMP
 REFLETOR LED 50W SLIM 6500K PRETO,140,63.9, MAIO,1820,989.3,13,REFLETOR
 LAMPADA LED TKL60 12W 3000K 1018LM,16,7.99, MAIO,2944,1473.84,184,LAMPADA
 PAINEL DE LED LUX 62X62 36W SOBREPOR 4000K,350,191, MAIO,4900,2226,14,PAINEL
 PAINEL DE LED LUX 62X62 36W SOBREPOR 3000K,350,191, MAIO,4900,2226,14,PAINEL
 PAINEL LED LUX 62X62 36W EMBUTIR 4000K 2520LM,315,174.99, MAIO,2835,1260.09,9,PAINEL
 PAINEL LED LUX 40X40 SPBREPOR 4000K,260,157.5, MAIO,2860,1127.5,11,PAINEL
 PAINEL LED LUX 40X40 32W 4000K EMBUTIT,220,110.64, MAIO,1980,984.24,9,PAINEL
 PLAFON LED 24w QUADRADO SOBREPOR 4000K,90,41.49, MAIO,2610,1406.79,29,PLAFON
 PAINEL LED 18W LUX QUADRADO SOBREPOR 4000K,55,28.32, MAIO,1540,747.04,28,PAINEL
 PAINEL LED 12W QUADRADO SOBREPOR 4000K,40,22.66, MAIO,400,173.4,10,PAINEL
 PAINEL LED 18W LUX REDONDO QUADRADO SOBREPOR 4000K,50,24.24, MAIO,1400,721.28,28,PAINEL
 PLAFON 18W QUADRADO EMBUTIE 4000K,55,25.2, MAIO,1485,804.6,27,PLAFON
 PAINEL LED 12W REDONDO EMBUTIR 4000K,35,20.22, MAIO,245,103.46,7,PAINEL
 PENDENTE TASCHIBRA TEARS 5XE27 PRETA,250,134.56, MAIO,750,346.32,3,PENDENTE
 DRIVE PARA PAINEL LED 24W AUTOVOLT,25,11.33, MAIO,375,205.05,15,DRIVE
 DRIVE PARA PAINEL LED 18W LUX AUTOVOLT,20,9.24, MAIO,220,118.36,11,DRIVE
 PAINEL LED 24W QUADRADO SOBREPOR 3000K,80,38.95, MAIO,2560,1313.6,32,PAINEL
 PAINEL DE LED 18W QUADRADO SOBREPOR 3000K,65,32.79, MAIO,1625,805.25,25,PAINEL
 PAINEL LED 12W LUX QUADRADO SOBREPOR 3000K,50,24.4, MAIO,900,460.8,18,PAINEL
 PAINEL LED 18W LUX QUADRADO EMBUTIR - 3000K,55,27.99, MAIO,1430,702.26,26,PAINEL
 PENDENTE BALOON 1xE27 BRANCA,140,81, MAIO,140,59,1,PENDENTE
 PENDENTE BALOON 1xE27 PRETO,140,83.58, MAIO,280,112.84,2,PENDENTE
 REFLETOR LED 50W 6500K PRETO,180,91.4, MAIO,1980,974.6,11,REFLETOR
 LAMPADA MINI DICROICA 3.5W 3000K 210LM,25,13.73, MAIO,475,214.13,19,LAMPADA
 REFLETOR LED 30W 3000K PRETO,120,66.78, MAIO,2160,957.96,18,REFLETOR
 REFLETOR TR LRD 10W SLIM 6500K PRETO,60,34.09, MAIO,1560,673.66,26,REFLETOR
 REFLETOR TR LED 10W SLIM 3000K PRETO,55,27.3, MAIO,1375,692.5,25,REFLETOR
 LAMPADA LED FIREWORKS VINTAGE D95,100,57.29, MAIO,1600,683.36,16,LAMPADA
 LAMPADA LED FIREWORKS VINTAGE G125,120,65.68, MAIO,1320,597.52,11,LAMPADA
 LAMP LED AR111 24° 12W 2700K,100,59.19, MAIO,3100,1265.11,31,LAMP
 LAMPADA LED AR70 4.8W 2700K DIMERIZAVEL GU10,90,51.25, MAIO,3690,1588.75,41,LAMPADA
 LAMPADA MINI DICROICA DIMERIZAVEL 3.5W 3000K 210LM,60,33.2, MAIO,600,268,10,LAMPADA
 LUMINARIA DE EMERGENCIA LED PRATIC,40,23.98, MAIO,2120,849.06,53,LUMINARIA
 PENDENTE TASCHIBRA DOT METAL E COBRE,80,48.02, MAIO,240,95.94,3,PENDENTE
 TARTARUGA FORCE LED 12W 3000K,70,40.08, MAIO,70,29.92,1,TARTARUGA
 LAM.LED FILAMENTO VINTAGE DIM. ST64 127V AMBAR,50,28.76, MAIO,550,233.64,11,LAM.LED
 LAMPADA LED FILAMENTO VINTAGE GLOBO G80 AMBAR,45,24.44, MAIO,630,287.84,14,LAMPADA
 LAMPADA LED FILAMENTO VINTAGE ST64 AMBAR,40,22.6, MAIO,600,261,15,LAMPADA
 LAMPADA LED FILAMENTO VINTAGE 4W ST AMBAR,40,19.9, MAIO,720,361.8,18,LAMPADA
 PENDENTE TASCHIBRA AISHA BOREAL CONHAQUE 1xE27,120,70.33, MAIO,0,0,0,PENDENTE
 PENDENTE TASCHIBRA SARAH BOREAL CONHAQUE 1xE27,120,74.37, MAIO,0,0,0,PENDENTE
 PENDENTE TASCHIBRA YASMIN BOREAL CONHAQUE 1xE27,110,66.73, MAIO,220,86.54,2,PENDENTE
 VELA LED DECORATIVA 15 CM PILHA AMARELO,24.99,14.85, MAIO,174.93,70.98,7,VELA
 VELA LED DECORATIVA 10CM PILHA AMARELA,22.99,13.99, MAIO,183.92,72,8,VELA
 PENDENTE TASCHIBRA LAYLA P CANELADO CONHAQUE 1xE27,120,76.51, MAIO,240,86.98,2,PENDENTE
 PENDENTE TASCHIBRA BADIH P BOREAL CONHAQUE 1xE27 PT,120,73.4, MAIO,360,139.8,3,PENDENTE
 LAMP.LED TKL 30 4.9W 6500K,10,6.3, MAIO,360,133.2,36,LAMP.LED
 LAMPADA LED TKL30 4.9W 3000K 400LM,10,5.39, MAIO,510,235.11,51,LAMPADA
 DRIVE TASCHIBRA PARA PAINEL LED 30 / 24W AUTO VOLT,20,11.39, MAIO,140,60.27,7,DRIVE
 DRIVE TASCHIBRA PARA PAINEL LED 22 / 18W AUTO VOLT,20,9.29, MAIO,140,74.97,7,DRIVE
 LUMINARIA LED SLIM 20 EMB. 4000K BRANCA,310,177.56, MAIO,0,0,0,LUMINARIA
 LUMINARIA LED SLIM 10 EMB. 4000K BRANCA,180,87.5, MAIO,0,0,0,LUMINARIA
 PLAFON LED QUADRADO 18W SOB.3000K,70,37.83, MAIO,490,225.19,7,PLAFON
 PLAFON LED REDONDO 18W SOB.3000K,80,33.71, MAIO,880,509.19,11,PLAFON
 PAINEL LED 3W QUADRADO EMBUTIR 3000K,20,10.8, MAIO,440,202.4,22,PAINEL
 PAINEL LED 3W REDONDO EMBUTIR 3000K,20,10.26, MAIO,360,175.32,18,PAINEL
 SPOT EMB.LED 5W 3000K QUADRADO,35,21.51, MAIO,1190,458.66,34,SPOT
 DIFUSOR EM POLICARBONATO PARA TKL 5400,50,34.55, MAIO,550,169.95,11,DIFUSOR
 LAM.HIGH LED 5400 61W 6500K E27,279,176.51, MAIO,558,204.98,2,LAM.HIGH
 LAM.LED TDL35 4.9W 350LM 3000K GU10 DICROICA,20,11, MAIO,320,144,16,LAM.LED
 LAM.LED 250 3000K GU10,18,14.8, MAIO,630,112,35,LAM.LED
 ESPETO LED SOLAR PRATIC 3000K,60,43.63, MAIO,720,196.44,12,ESPETO
 LAMP HIGH LED TKL 4800 E27 6500K,200,19.54, MAIO,400,360.92,2,LAMP
 LAMP HIGH LED TKL 3600 E27 6500K,120,78.2, MAIO,720,250.8,6,LAMP
 LAMP HIGH LED TKL 2700 E27 6500K,70,37.44, MAIO,1050,488.4,15,LAMP
 PAINEL LED 30 QUADRADO 24W EMBUTIR 4000K,80,48.34, MAIO,960,379.92,12,PAINEL
 PAINEL LED 18W EMB.4000K,50,28.01, MAIO,700,307.86,14,PAINEL
 PLAFON LED 12W 4000K EMBUTIR QUADRADO PAINEL DE LED BRANCO,35,18.27, MAIO,875,418.25,25,PLAFON
 PLAFON LED 12W 4000K EMBUTIR REDONDO PAINEL DE LED BRANCO,38,22.49, MAIO,760,310.2,20,PLAFON
 PAINEL LED 30 QUADRADO 24W SOBREPOR 4000K,110,54.83, MAIO,110,55.17,1,PAINEL
 PAINEL DE LED 22 QUADRADO SOBREPOR 4000K,60,33.26, MAIO,900,401.1,15,PAINEL
 PAINEL LED 12W QUADRADO SOBREPOR 4000K,40,21.76, MAIO,480,218.88,12,PAINEL
 LAM.LED G9 3W 200LM 3000K HALLOPIN,35,20.61, MAIO,770,316.58,22,LAM.LED
 LAM.LED TKL 1400 6500K,33,19.67, MAIO,825,333.25,25,LAM.LED
 LAM.LED VELA TVL 250 CLARA 3000K,30,13, MAIO,960,544,32,LAM.LED
 LAMPADA LED TKL100 15W 6500K 1507LM,30,12.6, MAIO,990,574.2,33,LAMPADA
 LAMP LED BULBO TKL 15W 1507lm E27 3000K,30,16.87, MAIO,600,262.6,20,LAMP
 LAMP LED BULBO TKL 11W 1100lm E27 6500K,30,18.68, MAIO,690,260.36,23,LAMP
 LAMPADA LED TKL75 9.9W 4000K 1018LM,17,8.39, MAIO,357,180.81,21,LAMPADA
 LAMPADA LED TKL75 9.9W 3000K 1018LM,18,9.74, MAIO,306,140.42,17,LAMPADA
 PENDENTE ARAMADO UNI 605 1XE27,480,217.98, MAIO,0,0,0,PENDENTE
 CALHA BRILHARE 2X16 LED BRANCA,70,40.06, MAIO,210,89.82,3,CALHA
 LUMINARIA FIT LED 1X9W AUTOVOLT 6500k BRANCA,70,44.22, MAIO,140,51.56,2,LUMINARIA
 LAMP LED PAR 20 7W VERDE IP65 E27,40,25.38, MAIO,760,277.78,19,LAMP
 PLAFON LED QUADRADO FIT TSQL 18W / 22W 3000K,50,26.74, MAIO,450,209.34,9,PLAFON
 PLAFON LED 22 REDONDO EMB. 3000K,60,29.21, MAIO,720,369.48,12,PLAFON
 LAMP LED AR111 9W GU10 810LM 3000k,85,53, MAIO,1105,416,13,LAMP
 LAMP LED BULBO TKL 9W 900lm E27 6500K,12,5.75, MAIO,252,131.25,21,LAMP
 LAMP LED BULBO TKL 9W 900lm E27 4000K,25,14.29, MAIO,425,182.07,17,LAMP
 LAMPADA LED TKL60 9W 3000K 803LM,12,5.62, MAIO,312,165.88,26,LAMPADA
 LAMP LED BULBO TKL 6W 500 E27 4000K,20,12.9, MAIO,340,120.7,17,LAMP
 LAMP LED BULBO TKL 4.9W 500lm E27 3000K,11,6.58, MAIO,363,145.86,33,LAMP
 LUMINARIA LED TL SLIM 20 AUTOVOLT 4000K BRANCA,320,177.53, MAIO,0,0,0,LUMINARIA
 LUMINARIA LED TL SLIM 10 AUTOVOLT 4000K BRANCA,200,85.28, MAIO,0,0,0,LUMINARIA
 PLAFON LED 24W 3000K SOBREPOR QUADRADO TLPQ PAINEL DE LED BRANCO,110,54.83, MAIO,110,55.17,1,PLAFON
 PLAFON LED 30W 3000K SOBREPOR REDONDO,110,76.62, MAIO,0,0,0,PLAFON
 PLAFON LED 12W 3000K QUADRADO TLPQ PAINEL DE LED BRANCO,45,21.69, MAIO,495,256.41,11,PLAFON
 Tartaruga TTL 05 retangular 1xG9 3000K 127V LED BR,100,69.12, MAIO,0,0,0,Tartaruga
 PENDENTE TD 902 PRETO TEXTURARIZADO GRANDE,500,317.79, MAIO,0,0,0,PENDENTE
 PENDENTE TD 902 BRANCO TEXTURARIZADO,270,137.09, MAIO,0,0,0,PENDENTE
 LAMP LED TDL 07 6W 4000K GU-10,30,17.36, MAIO,1110,467.68,37,LAMP
 REFLETOR LED 50W SLIM 6500K PRETO,140,63.9, JUNHO,1680,913.2,12,REFLETOR
 LAMPADA LED TKL60 12W 3000K 1018LM,16,7.99, JUNHO,2896,1449.81,181,LAMPADA
 PAINEL DE LED LUX 62X62 36W SOBREPOR 4000K,350,191, JUNHO,5600,2544,16,PAINEL
 PAINEL DE LED LUX 62X62 36W SOBREPOR 3000K,350,191, JUNHO,4550,2067,13,PAINEL
 PAINEL LED LUX 62X62 36W EMBUTIR 4000K 2520LM,315,174.99, JUNHO,3150,1400.1,10,PAINEL
 PAINEL LED LUX 40X40 SPBREPOR 4000K,260,157.5, JUNHO,3120,1230,12,PAINEL
 PAINEL LED LUX 40X40 32W 4000K EMBUTIT,220,110.64, JUNHO,1980,984.24,9,PAINEL
 PLAFON LED 24w QUADRADO SOBREPOR 4000K,90,41.49, JUNHO,2790,1503.81,31,PLAFON
 PAINEL LED 18W LUX QUADRADO SOBREPOR 4000K,55,28.32, JUNHO,1485,720.36,27,PAINEL
 PAINEL LED 12W QUADRADO SOBREPOR 4000K,40,22.66, JUNHO,400,173.4,10,PAINEL
 PAINEL LED 18W LUX REDONDO QUADRADO SOBREPOR 4000K,50,24.24, JUNHO,1250,644,25,PAINEL
 PLAFON 18W QUADRADO EMBUTIE 4000K,55,25.2, JUNHO,1485,804.6,27,PLAFON
 PAINEL LED 12W REDONDO EMBUTIR 4000K,35,20.22, JUNHO,210,88.68,6,PAINEL
 PENDENTE TASCHIBRA TEARS 5XE27 PRETA,250,134.56, JUNHO,500,230.88,2,PENDENTE
 DRIVE PARA PAINEL LED 24W AUTOVOLT,25,11.33, JUNHO,375,205.05,15,DRIVE
 DRIVE PARA PAINEL LED 18W LUX AUTOVOLT,20,9.24, JUNHO,200,107.6,10,DRIVE
 PAINEL LED 24W QUADRADO SOBREPOR 3000K,80,38.95, JUNHO,2480,1272.55,31,PAINEL
 PAINEL DE LED 18W QUADRADO SOBREPOR 3000K,65,32.79, JUNHO,1755,869.67,27,PAINEL
 PAINEL LED 12W LUX QUADRADO SOBREPOR 3000K,50,24.4, JUNHO,800,409.6,16,PAINEL
 PAINEL LED 18W LUX QUADRADO EMBUTIR - 3000K,55,27.99, JUNHO,1375,675.25,25,PAINEL
 PENDENTE BALOON 1xE27 BRANCA,140,81, JUNHO,420,177,3,PENDENTE
 PENDENTE BALOON 1xE27 PRETO,140,83.58, JUNHO,280,112.84,2,PENDENTE
 REFLETOR LED 50W 6500K PRETO,180,91.4, JUNHO,1620,797.4,9,REFLETOR
 LAMPADA MINI DICROICA 3.5W 3000K 210LM,25,13.73, JUNHO,450,202.86,18,LAMPADA
 REFLETOR LED 30W 3000K PRETO,120,66.78, JUNHO,1920,851.52,16,REFLETOR
 REFLETOR TR LRD 10W SLIM 6500K PRETO,60,34.09, JUNHO,1440,621.84,24,REFLETOR
 REFLETOR TR LED 10W SLIM 3000K PRETO,55,27.3, JUNHO,1375,692.5,25,REFLETOR
 LAMPADA LED FIREWORKS VINTAGE D95,100,57.29, JUNHO,1500,640.65,15,LAMPADA
 LAMPADA LED FIREWORKS VINTAGE G125,120,65.68, JUNHO,1080,488.88,9,LAMPADA
 LAMP LED AR111 24° 12W 2700K,100,59.19, JUNHO,3300,1346.73,33,LAMP
 LAMPADA LED AR70 4.8W 2700K DIMERIZAVEL GU10,90,51.25, JUNHO,3780,1627.5,42,LAMPADA
 LAMPADA MINI DICROICA DIMERIZAVEL 3.5W 3000K 210LM,60,33.2, JUNHO,540,241.2,9,LAMPADA
 LUMINARIA DE EMERGENCIA LED PRATIC,40,23.98, JUNHO,2040,817.02,51,LUMINARIA
 PENDENTE TASCHIBRA DOT METAL E COBRE,80,48.02, JUNHO,160,63.96,2,PENDENTE
 TARTARUGA FORCE LED 12W 3000K,70,40.08, JUNHO,0,0,0,TARTARUGA
 LAM.LED FILAMENTO VINTAGE DIM. ST64 127V AMBAR,50,28.76, JUNHO,550,233.64,11,LAM.LED
 LAMPADA LED FILAMENTO VINTAGE GLOBO G80 AMBAR,45,24.44, JUNHO,585,267.28,13,LAMPADA
 LAMPADA LED FILAMENTO VINTAGE ST64 AMBAR,40,22.6, JUNHO,680,295.8,17,LAMPADA
 LAMPADA LED FILAMENTO VINTAGE 4W ST AMBAR,40,19.9, JUNHO,760,381.9,19,LAMPADA
 PENDENTE TASCHIBRA AISHA BOREAL CONHAQUE 1xE27,120,70.33, JUNHO,120,49.67,1,PENDENTE
 PENDENTE TASCHIBRA SARAH BOREAL CONHAQUE 1xE27,120,74.37, JUNHO,0,0,0,PENDENTE
 PENDENTE TASCHIBRA YASMIN BOREAL CONHAQUE 1xE27,110,66.73, JUNHO,220,86.54,2,PENDENTE
 VELA LED DECORATIVA 15 CM PILHA AMARELO,24.99,14.85, JUNHO,224.91,91.26,9,VELA
 VELA LED DECORATIVA 10CM PILHA AMARELA,22.99,13.99, JUNHO,160.93,63,7,VELA
 PENDENTE TASCHIBRA LAYLA P CANELADO CONHAQUE 1xE27,120,76.51, JUNHO,240,86.98,2,PENDENTE
 PENDENTE TASCHIBRA BADIH P BOREAL CONHAQUE 1xE27 PT,120,73.4, JUNHO,120,46.6,1,PENDENTE
 LAMP.LED TKL 30 4.9W 6500K,10,6.3, JUNHO,380,140.6,38,LAMP.LED
 LAMPADA LED TKL30 4.9W 3000K 400LM,10,5.39, JUNHO,550,253.55,55,LAMPADA
 DRIVE TASCHIBRA PARA PAINEL LED 30 / 24W AUTO VOLT,20,11.39, JUNHO,100,43.05,5,DRIVE
 DRIVE TASCHIBRA PARA PAINEL LED 22 / 18W AUTO VOLT,20,9.29, JUNHO,140,74.97,7,DRIVE
 LUMINARIA LED SLIM 20 EMB. 4000K BRANCA,310,177.56, JUNHO,310,132.44,1,LUMINARIA
 LUMINARIA LED SLIM 10 EMB. 4000K BRANCA,180,87.5, JUNHO,0,0,0,LUMINARIA
 PLAFON LED QUADRADO 18W SOB.3000K,70,37.83, JUNHO,700,321.7,10,PLAFON
 PLAFON LED REDONDO 18W SOB.3000K,80,33.71, JUNHO,960,555.48,12,PLAFON
 PAINEL LED 3W QUADRADO EMBUTIR 3000K,20,10.8, JUNHO,500,230,25,PAINEL
 PAINEL LED 3W REDONDO EMBUTIR 3000K,20,10.26, JUNHO,440,214.28,22,PAINEL
 SPOT EMB.LED 5W 3000K QUADRADO,35,21.51, JUNHO,1295,499.13,37,SPOT
 DIFUSOR EM POLICARBONATO PARA TKL 5400,50,34.55, JUNHO,500,154.5,10,DIFUSOR
 LAM.HIGH LED 5400 61W 6500K E27,279,176.51, JUNHO,279,102.49,1,LAM.HIGH
 LAM.LED TDL35 4.9W 350LM 3000K GU10 DICROICA,20,11, JUNHO,340,153,17,LAM.LED
 LAM.LED 250 3000K GU10,18,14.8, JUNHO,594,105.6,33,LAM.LED
 ESPETO LED SOLAR PRATIC 3000K,60,43.63, JUNHO,900,245.55,15,ESPETO
 LAMP HIGH LED TKL 4800 E27 6500K,200,19.54, JUNHO,0,0,0,LAMP
 LAMP HIGH LED TKL 3600 E27 6500K,120,78.2, JUNHO,1080,376.2,9,LAMP
 LAMP HIGH LED TKL 2700 E27 6500K,70,37.44, JUNHO,1050,488.4,15,LAMP
 PAINEL LED 30 QUADRADO 24W EMBUTIR 4000K,80,48.34, JUNHO,1120,443.24,14,PAINEL
 PAINEL LED 18W EMB.4000K,50,28.01, JUNHO,650,285.87,13,PAINEL
 PLAFON LED 12W 4000K EMBUTIR QUADRADO PAINEL DE LED BRANCO,35,18.27, JUNHO,980,468.44,28,PLAFON
 PLAFON LED 12W 4000K EMBUTIR REDONDO PAINEL DE LED BRANCO,38,22.49, JUNHO,988,403.26,26,PLAFON
 PAINEL LED 30 QUADRADO 24W SOBREPOR 4000K,110,54.83, JUNHO,220,110.34,2,PAINEL
 PAINEL DE LED 22 QUADRADO SOBREPOR 4000K,60,33.26, JUNHO,840,374.36,14,PAINEL
 PAINEL LED 12W QUADRADO SOBREPOR 4000K,40,21.76, JUNHO,600,273.6,15,PAINEL
 LAM.LED G9 3W 200LM 3000K HALLOPIN,35,20.61, JUNHO,735,302.19,21,LAM.LED
 LAM.LED TKL 1400 6500K,33,19.67, JUNHO,858,346.58,26,LAM.LED
 LAM.LED VELA TVL 250 CLARA 3000K,30,13, JUNHO,990,561,33,LAM.LED
 LAMPADA LED TKL100 15W 6500K 1507LM,30,12.6, JUNHO,960,556.8,32,LAMPADA
 LAMP LED BULBO TKL 15W 1507lm E27 3000K,30,16.87, JUNHO,660,288.86,22,LAMP
 LAMP LED BULBO TKL 11W 1100lm E27 6500K,30,18.68, JUNHO,750,283,25,LAMP
 LAMPADA LED TKL75 9.9W 4000K 1018LM,17,8.39, JUNHO,391,198.03,23,LAMPADA
 LAMPADA LED TKL75 9.9W 3000K 1018LM,18,9.74, JUNHO,360,165.2,20,LAMPADA
 PENDENTE ARAMADO UNI 605 1XE27,480,217.98, JUNHO,0,0,0,PENDENTE
 CALHA BRILHARE 2X16 LED BRANCA,70,40.06, JUNHO,140,59.88,2,CALHA
 LUMINARIA FIT LED 1X9W AUTOVOLT 6500k BRANCA,70,44.22, JUNHO,70,25.78,1,LUMINARIA
 LAMP LED PAR 20 7W VERDE IP65 E27,40,25.38, JUNHO,880,321.64,22,LAMP
 PLAFON LED QUADRADO FIT TSQL 18W / 22W 3000K,50,26.74, JUNHO,450,209.34,9,PLAFON
 PLAFON LED 22 REDONDO EMB. 3000K,60,29.21, JUNHO,660,338.69,11,PLAFON
 LAMP LED AR111 9W GU10 810LM 3000k,85,53, JUNHO,1020,384,12,LAMP
 LAMP LED BULBO TKL 9W 900lm E27 6500K,12,5.75, JUNHO,300,156.25,25,LAMP
 LAMP LED BULBO TKL 9W 900lm E27 4000K,25,14.29, JUNHO,425,182.07,17,LAMP
 LAMPADA LED TKL60 9W 3000K 803LM,12,5.62, JUNHO,300,159.5,25,LAMPADA
 LAMP LED BULBO TKL 6W 500 E27 4000K,20,12.9, JUNHO,380,134.9,19,LAMP
 LAMP LED BULBO TKL 4.9W 500lm E27 3000K,11,6.58, JUNHO,352,141.44,32,LAMP
 LUMINARIA LED TL SLIM 20 AUTOVOLT 4000K BRANCA,320,177.53, JUNHO,0,0,0,LUMINARIA
 LUMINARIA LED TL SLIM 10 AUTOVOLT 4000K BRANCA,200,85.28, JUNHO,0,0,0,LUMINARIA
 PLAFON LED 24W 3000K SOBREPOR QUADRADO TLPQ PAINEL DE LED BRANCO,110,54.83, JUNHO,0,0,0,PLAFON
 PLAFON LED 30W 3000K SOBREPOR REDONDO,110,76.62, JUNHO,220,66.76,2,PLAFON
 PLAFON LED 12W 3000K QUADRADO TLPQ PAINEL DE LED BRANCO,45,21.69, JUNHO,585,303.03,13,PLAFON
 Tartaruga TTL 05 retangular 1xG9 3000K 127V LED BR,100,69.12, JUNHO,0,0,0,Tartaruga
 PENDENTE TD 902 PRETO TEXTURARIZADO GRANDE,500,317.79, JUNHO,0,0,0,PENDENTE
 PENDENTE TD 902 BRANCO TEXTURARIZADO,270,137.09, JUNHO,0,0,0,PENDENTE
 LAMP LED TDL 07 6W 4000K GU-10,30,17.36, JUNHO,1140,480.32,38,LAMP
 REFLETOR LED 50W SLIM 6500K PRETO,140,63.9, JULHO,2100,1141.5,15,REFLETOR
 LAMPADA LED TKL60 12W 3000K 1018LM,16,7.99, JULHO,3088,1545.93,193,LAMPADA
 PAINEL DE LED LUX 62X62 36W SOBREPOR 4000K,350,191, JULHO,6650,3021,19,PAINEL
 PAINEL DE LED LUX 62X62 36W SOBREPOR 3000K,350,191, JULHO,5250,2385,15,PAINEL
 PAINEL LED LUX 62X62 36W EMBUTIR 4000K 2520LM,315,174.99, JULHO,3150,1400.1,10,PAINEL
 PAINEL LED LUX 40X40 SPBREPOR 4000K,260,157.5, JULHO,3640,1435,14,PAINEL
 PAINEL LED LUX 40X40 32W 4000K EMBUTIT,220,110.64, JULHO,2420,1202.96,11,PAINEL
 PLAFON LED 24w QUADRADO SOBREPOR 4000K,90,41.49, JULHO,3150,1697.85,35,PLAFON
 PAINEL LED 18W LUX QUADRADO SOBREPOR 4000K,55,28.32, JULHO,1760,853.76,32,PAINEL
 PAINEL LED 12W QUADRADO SOBREPOR 4000K,40,22.66, JULHO,520,225.42,13,PAINEL
 PAINEL LED 18W LUX REDONDO QUADRADO SOBREPOR 4000K,50,24.24, JULHO,1550,798.56,31,PAINEL
 PLAFON 18W QUADRADO EMBUTIE 4000K,55,25.2, JULHO,1540,834.4,28,PLAFON
 PAINEL LED 12W REDONDO EMBUTIR 4000K,35,20.22, JULHO,245,103.46,7,PAINEL
 PENDENTE TASCHIBRA TEARS 5XE27 PRETA,250,134.56, JULHO,750,346.32,3,PENDENTE
 DRIVE PARA PAINEL LED 24W AUTOVOLT,25,11.33, JULHO,425,232.39,17,DRIVE
 DRIVE PARA PAINEL LED 18W LUX AUTOVOLT,20,9.24, JULHO,260,139.88,13,DRIVE
 PAINEL LED 24W QUADRADO SOBREPOR 3000K,80,38.95, JULHO,2800,1436.75,35,PAINEL
 PAINEL DE LED 18W QUADRADO SOBREPOR 3000K,65,32.79, JULHO,2015,998.51,31,PAINEL
 PAINEL LED 12W LUX QUADRADO SOBREPOR 3000K,50,24.4, JULHO,1000,512,20,PAINEL
 PAINEL LED 18W LUX QUADRADO EMBUTIR - 3000K,55,27.99, JULHO,1540,756.28,28,PAINEL
 PENDENTE BALOON 1xE27 BRANCA,140,81, JULHO,420,177,3,PENDENTE
 PENDENTE BALOON 1xE27 PRETO,140,83.58, JULHO,280,112.84,2,PENDENTE
 REFLETOR LED 50W 6500K PRETO,180,91.4, JULHO,2160,1063.2,12,REFLETOR
 LAMPADA MINI DICROICA 3.5W 3000K 210LM,25,13.73, JULHO,550,247.94,22,LAMPADA
 REFLETOR LED 30W 3000K PRETO,120,66.78, JULHO,1920,851.52,16,REFLETOR
 REFLETOR TR LRD 10W SLIM 6500K PRETO,60,34.09, JULHO,1560,673.66,26,REFLETOR
 REFLETOR TR LED 10W SLIM 3000K PRETO,55,27.3, JULHO,1650,831,30,REFLETOR
 LAMPADA LED FIREWORKS VINTAGE D95,100,57.29, JULHO,1800,768.78,18,LAMPADA
 LAMPADA LED FIREWORKS VINTAGE G125,120,65.68, JULHO,1680,760.48,14,LAMPADA
 LAMP LED AR111 24° 12W 2700K,100,59.19, JULHO,3700,1509.97,37,LAMP
 LAMPADA LED AR70 4.8W 2700K DIMERIZAVEL GU10,90,51.25, JULHO,3870,1666.25,43,LAMPADA
 LAMPADA MINI DICROICA DIMERIZAVEL 3.5W 3000K 210LM,60,33.2, JULHO,900,402,15,LAMPADA
 LUMINARIA DE EMERGENCIA LED PRATIC,40,23.98, JULHO,2480,993.24,62,LUMINARIA
 PENDENTE TASCHIBRA DOT METAL E COBRE,80,48.02, JULHO,160,63.96,2,PENDENTE
 TARTARUGA FORCE LED 12W 3000K,70,40.08, JULHO,0,0,0,TARTARUGA
 LAM.LED FILAMENTO VINTAGE DIM. ST64 127V AMBAR,50,28.76, JULHO,650,276.12,13,LAM.LED
 LAMPADA LED FILAMENTO VINTAGE GLOBO G80 AMBAR,45,24.44, JULHO,720,328.96,16,LAMPADA
 LAMPADA LED FILAMENTO VINTAGE ST64 AMBAR,40,22.6, JULHO,800,348,20,LAMPADA
 LAMPADA LED FILAMENTO VINTAGE 4W ST AMBAR,40,19.9, JULHO,880,442.2,22,LAMPADA
 PENDENTE TASCHIBRA AISHA BOREAL CONHAQUE 1xE27,120,70.33, JULHO,240,99.34,2,PENDENTE
 PENDENTE TASCHIBRA SARAH BOREAL CONHAQUE 1xE27,120,74.37, JULHO,120,45.63,1,PENDENTE
 PENDENTE TASCHIBRA YASMIN BOREAL CONHAQUE 1xE27,110,66.73, JULHO,110,43.27,1,PENDENTE
 VELA LED DECORATIVA 15 CM PILHA AMARELO,24.99,14.85, JULHO,174.93,70.98,7,VELA
 VELA LED DECORATIVA 10CM PILHA AMARELA,22.99,13.99, JULHO,137.94,54,6,VELA
 PENDENTE TASCHIBRA LAYLA P CANELADO CONHAQUE 1xE27,120,76.51, JULHO,240,86.98,2,PENDENTE
 PENDENTE TASCHIBRA BADIH P BOREAL CONHAQUE 1xE27 PT,120,73.4, JULHO,240,93.2,2,PENDENTE
 LAMP.LED TKL 30 4.9W 6500K,10,6.3, JULHO,430,159.1,43,LAMP.LED
 LAMPADA LED TKL30 4.9W 3000K 400LM,10,5.39, JULHO,580,267.38,58,LAMPADA
 DRIVE TASCHIBRA PARA PAINEL LED 30 / 24W AUTO VOLT,20,11.39, JULHO,100,43.05,5,DRIVE
 DRIVE TASCHIBRA PARA PAINEL LED 22 / 18W AUTO VOLT,20,9.29, JULHO,200,107.1,10,DRIVE
 LUMINARIA LED SLIM 20 EMB. 4000K BRANCA,310,177.56, JULHO,310,132.44,1,LUMINARIA
 LUMINARIA LED SLIM 10 EMB. 4000K BRANCA,180,87.5, JULHO,0,0,0,LUMINARIA
 PLAFON LED QUADRADO 18W SOB.3000K,70,37.83, JULHO,700,321.7,10,PLAFON
 PLAFON LED REDONDO 18W SOB.3000K,80,33.71, JULHO,800,462.9,10,PLAFON
 PAINEL LED 3W QUADRADO EMBUTIR 3000K,20,10.8, JULHO,440,202.4,22,PAINEL
 PAINEL LED 3W REDONDO EMBUTIR 3000K,20,10.26, JULHO,420,204.54,21,PAINEL
 SPOT EMB.LED 5W 3000K QUADRADO,35,21.51, JULHO,1400,539.6,40,SPOT
 DIFUSOR EM POLICARBONATO PARA TKL 5400,50,34.55, JULHO,750,231.75,15,DIFUSOR
 LAM.HIGH LED 5400 61W 6500K E27,279,176.51, JULHO,0,0,0,LAM.HIGH
 LAM.LED TDL35 4.9W 350LM 3000K GU10 DICROICA,20,11, JULHO,400,180,20,LAM.LED
 LAM.LED 250 3000K GU10,18,14.8, JULHO,558,99.2,31,LAM.LED
 ESPETO LED SOLAR PRATIC 3000K,60,43.63, JULHO,600,163.7,10,ESPETO
 LAMP HIGH LED TKL 4800 E27 6500K,200,19.54, JULHO,200,180.46,1,LAMP
 LAMP HIGH LED TKL 3600 E27 6500K,120,78.2, JULHO,1200,418,10,LAMP
 LAMP HIGH LED TKL 2700 E27 6500K,70,37.44, JULHO,910,423.28,13,LAMP
 PAINEL LED 30 QUADRADO 24W EMBUTIR 4000K,80,48.34, JULHO,1040,411.58,13,PAINEL
 PAINEL LED 18W EMB.4000K,50,28.01, JULHO,650,285.87,13,PAINEL
 PLAFON LED 12W 4000K EMBUTIR QUADRADO PAINEL DE LED BRANCO,35,18.27, JULHO,1015,485.17,29,PLAFON
 PLAFON LED 12W 4000K EMBUTIR REDONDO PAINEL DE LED BRANCO,38,22.49, JULHO,950,387.75,25,PLAFON
 PAINEL LED 30 QUADRADO 24W SOBREPOR 4000K,110,54.83, JULHO,330,165.51,3,PAINEL
 PAINEL DE LED 22 QUADRADO SOBREPOR 4000K,60,33.26, JULHO,780,347.62,13,PAINEL
 PAINEL LED 12W QUADRADO SOBREPOR 4000K,40,21.76, JULHO,640,291.84,16,PAINEL
 LAM.LED G9 3W 200LM 3000K HALLOPIN,35,20.61, JULHO,700,287.8,20,LAM.LED
 LAM.LED TKL 1400 6500K,33,19.67, JULHO,825,333.25,25,LAM.LED
 LAM.LED VELA TVL 250 CLARA 3000K,30,13, JULHO,1050,595,35,LAM.LED
 LAMPADA LED TKL100 15W 6500K 1507LM,30,12.6, JULHO,1050,609,35,LAMPADA
 LAMP LED BULBO TKL 15W 1507lm E27 3000K,30,16.87, JULHO,630,275.73,21,LAMP
 LAMP LED BULBO TKL 11W 1100lm E27 6500K,30,18.68, JULHO,720,271.68,24,LAMP
 LAMPADA LED TKL75 9.9W 4000K 1018LM,17,8.39, JULHO,374,189.42,22,LAMPADA
 LAMPADA LED TKL75 9.9W 3000K 1018LM,18,9.74, JULHO,324,148.68,18,LAMPADA
 PENDENTE ARAMADO UNI 605 1XE27,480,217.98, JULHO,0,0,0,PENDENTE
 CALHA BRILHARE 2X16 LED BRANCA,70,40.06, JULHO,350,149.7,5,CALHA
 LUMINARIA FIT LED 1X9W AUTOVOLT 6500k BRANCA,70,44.22, JULHO,0,0,0,LUMINARIA
 LAMP LED PAR 20 7W VERDE IP65 E27,40,25.38, JULHO,960,350.88,24,LAMP
 PLAFON LED QUADRADO FIT TSQL 18W / 22W 3000K,50,26.74, JULHO,400,186.08,8,PLAFON
 PLAFON LED 22 REDONDO EMB. 3000K,60,29.21, JULHO,660,338.69,11,PLAFON
 LAMP LED AR111 9W GU10 810LM 3000k,85,53, JULHO,935,352,11,LAMP
 LAMP LED BULBO TKL 9W 900lm E27 6500K,12,5.75, JULHO,300,156.25,25,LAMP
 LAMP LED BULBO TKL 9W 900lm E27 4000K,25,14.29, JULHO,450,192.78,18,LAMP
 LAMPADA LED TKL60 9W 3000K 803LM,12,5.62, JULHO,324,172.26,27,LAMPADA
 LAMP LED BULBO TKL 6W 500 E27 4000K,20,12.9, JULHO,260,92.3,13,LAMP
 LAMP LED BULBO TKL 4.9W 500lm E27 3000K,11,6.58, JULHO,374,150.28,34,LAMP
 LUMINARIA LED TL SLIM 20 AUTOVOLT 4000K BRANCA,320,177.53, JULHO,0,0,0,LUMINARIA
 LUMINARIA LED TL SLIM 10 AUTOVOLT 4000K BRANCA,200,85.28, JULHO,0,0,0,LUMINARIA
 PLAFON LED 24W 3000K SOBREPOR QUADRADO TLPQ PAINEL DE LED BRANCO,110,54.83, JULHO,0,0,0,PLAFON
 PLAFON LED 30W 3000K SOBREPOR REDONDO,110,76.62, JULHO,220,66.76,2,PLAFON
 PLAFON LED 12W 3000K QUADRADO TLPQ PAINEL DE LED BRANCO,45,21.69, JULHO,540,279.72,12,PLAFON
 Tartaruga TTL 05 retangular 1xG9 3000K 127V LED BR,100,69.12, JULHO,300,92.64,3,Tartaruga
 PENDENTE TD 902 PRETO TEXTURARIZADO GRANDE,500,317.79, JULHO,0,0,0,PENDENTE
 PENDENTE TD 902 BRANCO TEXTURARIZADO,270,137.09, JULHO,0,0,0,PENDENTE
 LAMP LED TDL 07 6W 4000K GU-10,30,17.36, JULHO,1230,518.24,41,LAMP
 REFLETOR LED 50W SLIM 6500K PRETO,140,63.9, AGOSTO,2100,1141.5,15,REFLETOR
 LAMPADA LED TKL60 12W 3000K 1018LM,16,7.99, AGOSTO,3024,1513.89,189,LAMPADA
 PAINEL DE LED LUX 62X62 36W SOBREPOR 4000K,350,191, AGOSTO,8050,3657,23,PAINEL
 PAINEL DE LED LUX 62X62 36W SOBREPOR 3000K,350,191, AGOSTO,5950,2703,17,PAINEL
 PAINEL LED LUX 62X62 36W EMBUTIR 4000K 2520LM,315,174.99, AGOSTO,4410,1960.14,14,PAINEL
 PAINEL LED LUX 40X40 SPBREPOR 4000K,260,157.5, AGOSTO,3120,1230,12,PAINEL
 PAINEL LED LUX 40X40 32W 4000K EMBUTIT,220,110.64, AGOSTO,1760,874.88,8,PAINEL
 PLAFON LED 24w QUADRADO SOBREPOR 4000K,90,41.49, AGOSTO,3060,1649.34,34,PLAFON
 PAINEL LED 18W LUX QUADRADO SOBREPOR 4000K,55,28.32, AGOSTO,1815,880.44,33,PAINEL
 PAINEL LED 12W QUADRADO SOBREPOR 4000K,40,22.66, AGOSTO,600,260.1,15,PAINEL
 PAINEL LED 18W LUX REDONDO QUADRADO SOBREPOR 4000K,50,24.24, AGOSTO,1700,875.84,34,PAINEL
 PLAFON 18W QUADRADO EMBUTIE 4000K,55,25.2, AGOSTO,1375,745,25,PLAFON
 PAINEL LED 12W REDONDO EMBUTIR 4000K,35,20.22, AGOSTO,175,73.9,5,PAINEL
 PENDENTE TASCHIBRA TEARS 5XE27 PRETA,250,134.56, AGOSTO,750,346.32,3,PENDENTE
 DRIVE PARA PAINEL LED 24W AUTOVOLT,25,11.33, AGOSTO,475,259.73,19,DRIVE
 DRIVE PARA PAINEL LED 18W LUX AUTOVOLT,20,9.24, AGOSTO,360,193.68,18,DRIVE
 PAINEL LED 24W QUADRADO SOBREPOR 3000K,80,38.95, AGOSTO,2800,1436.75,35,PAINEL
 PAINEL DE LED 18W QUADRADO SOBREPOR 3000K,65,32.79, AGOSTO,2145,1062.93,33,PAINEL
 PAINEL LED 12W LUX QUADRADO SOBREPOR 3000K,50,24.4, AGOSTO,900,460.8,18,PAINEL
 PAINEL LED 18W LUX QUADRADO EMBUTIR - 3000K,55,27.99, AGOSTO,1485,729.27,27,PAINEL
 PENDENTE BALOON 1xE27 BRANCA,140,81, AGOSTO,280,118,2,PENDENTE
 PENDENTE BALOON 1xE27 PRETO,140,83.58, AGOSTO,140,56.42,1,PENDENTE
 REFLETOR LED 50W 6500K PRETO,180,91.4, AGOSTO,2340,1151.8,13,REFLETOR
 LAMPADA MINI DICROICA 3.5W 3000K 210LM,25,13.73, AGOSTO,625,281.75,25,LAMPADA
 REFLETOR LED 30W 3000K PRETO,120,66.78, AGOSTO,1800,798.3,15,REFLETOR
 REFLETOR TR LRD 10W SLIM 6500K PRETO,60,34.09, AGOSTO,1740,751.39,29,REFLETOR
 REFLETOR TR LED 10W SLIM 3000K PRETO,55,27.3, AGOSTO,1485,747.9,27,REFLETOR
 LAMPADA LED FIREWORKS VINTAGE D95,100,57.29, AGOSTO,1900,811.49,19,LAMPADA
 LAMPADA LED FIREWORKS VINTAGE G125,120,65.68, AGOSTO,1440,651.84,12,LAMPADA
 LAMP LED AR111 24° 12W 2700K,100,59.19, AGOSTO,3400,1387.54,34,LAMP
 LAMPADA LED AR70 4.8W 2700K DIMERIZAVEL GU10,90,51.25, AGOSTO,4500,1937.5,50,LAMPADA
 LAMPADA MINI DICROICA DIMERIZAVEL 3.5W 3000K 210LM,60,33.2, AGOSTO,960,428.8,16,LAMPADA
 LUMINARIA DE EMERGENCIA LED PRATIC,40,23.98, AGOSTO,2640,1057.32,66,LUMINARIA
 PENDENTE TASCHIBRA DOT METAL E COBRE,80,48.02, AGOSTO,0,0,0,PENDENTE
 TARTARUGA FORCE LED 12W 3000K,70,40.08, AGOSTO,0,0,0,TARTARUGA
 LAM.LED FILAMENTO VINTAGE DIM. ST64 127V AMBAR,50,28.76, AGOSTO,550,233.64,11,LAM.LED
 LAMPADA LED FILAMENTO VINTAGE GLOBO G80 AMBAR,45,24.44, AGOSTO,720,328.96,16,LAMPADA
 LAMPADA LED FILAMENTO VINTAGE ST64 AMBAR,40,22.6, AGOSTO,880,382.8,22,LAMPADA
 LAMPADA LED FILAMENTO VINTAGE 4W ST AMBAR,40,19.9, AGOSTO,840,422.1,21,LAMPADA
 PENDENTE TASCHIBRA AISHA BOREAL CONHAQUE 1xE27,120,70.33, AGOSTO,120,49.67,1,PENDENTE
 PENDENTE TASCHIBRA SARAH BOREAL CONHAQUE 1xE27,120,74.37, AGOSTO,360,136.89,3,PENDENTE
 PENDENTE TASCHIBRA YASMIN BOREAL CONHAQUE 1xE27,110,66.73, AGOSTO,220,86.54,2,PENDENTE
 VELA LED DECORATIVA 15 CM PILHA AMARELO,24.99,14.85, AGOSTO,224.91,91.26,9,VELA
 VELA LED DECORATIVA 10CM PILHA AMARELA,22.99,13.99, AGOSTO,160.93,63,7,VELA
 PENDENTE TASCHIBRA LAYLA P CANELADO CONHAQUE 1xE27,120,76.51, AGOSTO,120,43.49,1,PENDENTE
 PENDENTE TASCHIBRA BADIH P BOREAL CONHAQUE 1xE27 PT,120,73.4, AGOSTO,240,93.2,2,PENDENTE
 LAMP.LED TKL 30 4.9W 6500K,10,6.3, AGOSTO,410,151.7,41,LAMP.LED
 LAMPADA LED TKL30 4.9W 3000K 400LM,10,5.39, AGOSTO,590,271.99,59,LAMPADA
 DRIVE TASCHIBRA PARA PAINEL LED 30 / 24W AUTO VOLT,20,11.39, AGOSTO,80,34.44,4,DRIVE
 DRIVE TASCHIBRA PARA PAINEL LED 22 / 18W AUTO VOLT,20,9.29, AGOSTO,180,96.39,9,DRIVE
 LUMINARIA LED SLIM 20 EMB. 4000K BRANCA,310,177.56, AGOSTO,0,0,0,LUMINARIA
 LUMINARIA LED SLIM 10 EMB. 4000K BRANCA,180,87.5, AGOSTO,0,0,0,LUMINARIA
 PLAFON LED QUADRADO 18W SOB.3000K,70,37.83, AGOSTO,630,289.53,9,PLAFON
 PLAFON LED REDONDO 18W SOB.3000K,80,33.71, AGOSTO,720,416.61,9,PLAFON
 PAINEL LED 3W QUADRADO EMBUTIR 3000K,20,10.8, AGOSTO,440,202.4,22,PAINEL
 PAINEL LED 3W REDONDO EMBUTIR 3000K,20,10.26, AGOSTO,380,185.06,19,PAINEL
 SPOT EMB.LED 5W 3000K QUADRADO,35,21.51, AGOSTO,1365,526.11,39,SPOT
 DIFUSOR EM POLICARBONATO PARA TKL 5400,50,34.55, AGOSTO,650,200.85,13,DIFUSOR
 LAM.HIGH LED 5400 61W 6500K E27,279,176.51, AGOSTO,279,102.49,1,LAM.HIGH
 LAM.LED TDL35 4.9W 350LM 3000K GU10 DICROICA,20,11, AGOSTO,260,117,13,LAM.LED
 LAM.LED 250 3000K GU10,18,14.8, AGOSTO,648,115.2,36,LAM.LED
 ESPETO LED SOLAR PRATIC 3000K,60,43.63, AGOSTO,600,163.7,10,ESPETO
 LAMP HIGH LED TKL 4800 E27 6500K,200,19.54, AGOSTO,0,0,0,LAMP
 LAMP HIGH LED TKL 3600 E27 6500K,120,78.2, AGOSTO,1080,376.2,9,LAMP
 LAMP HIGH LED TKL 2700 E27 6500K,70,37.44, AGOSTO,980,455.84,14,LAMP
 PAINEL LED 30 QUADRADO 24W EMBUTIR 4000K,80,48.34, AGOSTO,1200,474.9,15,PAINEL
 PAINEL LED 18W EMB.4000K,50,28.01, AGOSTO,700,307.86,14,PAINEL
 PLAFON LED 12W 4000K EMBUTIR QUADRADO PAINEL DE LED BRANCO,35,18.27, AGOSTO,945,451.71,27,PLAFON
 PLAFON LED 12W 4000K EMBUTIR REDONDO PAINEL DE LED BRANCO,38,22.49, AGOSTO,1026,418.77,27,PLAFON
 PAINEL LED 30 QUADRADO 24W SOBREPOR 4000K,110,54.83, AGOSTO,440,220.68,4,PAINEL
 PAINEL DE LED 22 QUADRADO SOBREPOR 4000K,60,33.26, AGOSTO,840,374.36,14,PAINEL
 PAINEL LED 12W QUADRADO SOBREPOR 4000K,40,21.76, AGOSTO,560,255.36,14,PAINEL
 LAM.LED G9 3W 200LM 3000K HALLOPIN,35,20.61, AGOSTO,805,330.97,23,LAM.LED
 LAM.LED TKL 1400 6500K,33,19.67, AGOSTO,825,333.25,25,LAM.LED
 LAM.LED VELA TVL 250 CLARA 3000K,30,13, AGOSTO,1110,629,37,LAM.LED
 LAMPADA LED TKL100 15W 6500K 1507LM,30,12.6, AGOSTO,1020,591.6,34,LAMPADA
 LAMP LED BULBO TKL 15W 1507lm E27 3000K,30,16.87, AGOSTO,600,262.6,20,LAMP
 LAMP LED BULBO TKL 11W 1100lm E27 6500K,30,18.68, AGOSTO,780,294.32,26,LAMP
 LAMPADA LED TKL75 9.9W 4000K 1018LM,17,8.39, AGOSTO,391,198.03,23,LAMPADA
 LAMPADA LED TKL75 9.9W 3000K 1018LM,18,9.74, AGOSTO,288,132.16,16,LAMPADA
 PENDENTE ARAMADO UNI 605 1XE27,480,217.98, AGOSTO,480,262.02,1,PENDENTE
 CALHA BRILHARE 2X16 LED BRANCA,70,40.06, AGOSTO,280,119.76,4,CALHA
 LUMINARIA FIT LED 1X9W AUTOVOLT 6500k BRANCA,70,44.22, AGOSTO,0,0,0,LUMINARIA
 LAMP LED PAR 20 7W VERDE IP65 E27,40,25.38, AGOSTO,1040,380.12,26,LAMP
 PLAFON LED QUADRADO FIT TSQL 18W / 22W 3000K,50,26.74, AGOSTO,450,209.34,9,PLAFON
 PLAFON LED 22 REDONDO EMB. 3000K,60,29.21, AGOSTO,840,431.06,14,PLAFON
 LAMP LED AR111 9W GU10 810LM 3000k,85,53, AGOSTO,935,352,11,LAMP
 LAMP LED BULBO TKL 9W 900lm E27 6500K,12,5.75, AGOSTO,252,131.25,21,LAMP
 LAMP LED BULBO TKL 9W 900lm E27 4000K,25,14.29, AGOSTO,425,182.07,17,LAMP
 LAMPADA LED TKL60 9W 3000K 803LM,12,5.62, AGOSTO,312,165.88,26,LAMPADA
 LAMP LED BULBO TKL 6W 500 E27 4000K,20,12.9, AGOSTO,300,106.5,15,LAMP
 LAMP LED BULBO TKL 4.9W 500lm E27 3000K,11,6.58, AGOSTO,363,145.86,33,LAMP
 LUMINARIA LED TL SLIM 20 AUTOVOLT 4000K BRANCA,320,177.53, AGOSTO,0,0,0,LUMINARIA
 LUMINARIA LED TL SLIM 10 AUTOVOLT 4000K BRANCA,200,85.28, AGOSTO,0,0,0,LUMINARIA
 PLAFON LED 24W 3000K SOBREPOR QUADRADO TLPQ PAINEL DE LED BRANCO,110,54.83, AGOSTO,0,0,0,PLAFON
 PLAFON LED 30W 3000K SOBREPOR REDONDO,110,76.62, AGOSTO,0,0,0,PLAFON
 PLAFON LED 12W 3000K QUADRADO TLPQ PAINEL DE LED BRANCO,45,21.69, AGOSTO,585,303.03,13,PLAFON
 Tartaruga TTL 05 retangular 1xG9 3000K 127V LED BR,100,69.12, AGOSTO,0,0,0,Tartaruga
 PENDENTE TD 902 PRETO TEXTURARIZADO GRANDE,500,317.79, AGOSTO,0,0,0,PENDENTE
 PENDENTE TD 902 BRANCO TEXTURARIZADO,270,137.09, AGOSTO,0,0,0,PENDENTE
 LAMP LED TDL 07 6W 4000K GU-10,30,17.36, AGOSTO,1320,556.16,44,LAMP
 REFLETOR LED 50W SLIM 6500K PRETO,140,63.9, SETEMBRO,2240,1217.6,16,REFLETOR
 LAMPADA LED TKL60 12W 3000K 1018LM,16,7.99, SETEMBRO,3120,1561.95,195,LAMPADA
 PAINEL DE LED LUX 62X62 36W SOBREPOR 4000K,350,191, SETEMBRO,8400,3816,24,PAINEL
 PAINEL DE LED LUX 62X62 36W SOBREPOR 3000K,350,191, SETEMBRO,5950,2703,17,PAINEL
 PAINEL LED LUX 62X62 36W EMBUTIR 4000K 2520LM,315,174.99, SETEMBRO,4095,1820.13,13,PAINEL
 PAINEL LED LUX 40X40 SPBREPOR 4000K,260,157.5, SETEMBRO,3640,1435,14,PAINEL
 PAINEL LED LUX 40X40 32W 4000K EMBUTIT,220,110.64, SETEMBRO,2420,1202.96,11,PAINEL
 PLAFON LED 24w QUADRADO SOBREPOR 4000K,90,41.49, SETEMBRO,3330,1794.87,37,PLAFON
 PAINEL LED 18W LUX QUADRADO SOBREPOR 4000K,55,28.32, SETEMBRO,1925,933.8,35,PAINEL
 PAINEL LED 12W QUADRADO SOBREPOR 4000K,40,22.66, SETEMBRO,600,260.1,15,PAINEL
 PAINEL LED 18W LUX REDONDO QUADRADO SOBREPOR 4000K,50,24.24, SETEMBRO,1800,927.36,36,PAINEL
 PLAFON 18W QUADRADO EMBUTIE 4000K,55,25.2, SETEMBRO,1540,834.4,28,PLAFON
 PAINEL LED 12W REDONDO EMBUTIR 4000K,35,20.22, SETEMBRO,280,118.24,8,PAINEL
 PENDENTE TASCHIBRA TEARS 5XE27 PRETA,250,134.56, SETEMBRO,500,230.88,2,PENDENTE
 DRIVE PARA PAINEL LED 24W AUTOVOLT,25,11.33, SETEMBRO,525,287.07,21,DRIVE
 DRIVE PARA PAINEL LED 18W LUX AUTOVOLT,20,9.24, SETEMBRO,440,236.72,22,DRIVE
 PAINEL LED 24W QUADRADO SOBREPOR 3000K,80,38.95, SETEMBRO,2880,1477.8,36,PAINEL
 PAINEL DE LED 18W QUADRADO SOBREPOR 3000K,65,32.79, SETEMBRO,2340,1159.56,36,PAINEL
 PAINEL LED 12W LUX QUADRADO SOBREPOR 3000K,50,24.4, SETEMBRO,1100,563.2,22,PAINEL
 PAINEL LED 18W LUX QUADRADO EMBUTIR - 3000K,55,27.99, SETEMBRO,1650,810.3,30,PAINEL
 PENDENTE BALOON 1xE27 BRANCA,140,81, SETEMBRO,280,118,2,PENDENTE
 PENDENTE BALOON 1xE27 PRETO,140,83.58, SETEMBRO,280,112.84,2,PENDENTE
 REFLETOR LED 50W 6500K PRETO,180,91.4, SETEMBRO,2340,1151.8,13,REFLETOR
 LAMPADA MINI DICROICA 3.5W 3000K 210LM,25,13.73, SETEMBRO,675,304.29,27,LAMPADA
 REFLETOR LED 30W 3000K PRETO,120,66.78, SETEMBRO,2040,904.74,17,REFLETOR
 REFLETOR TR LRD 10W SLIM 6500K PRETO,60,34.09, SETEMBRO,1860,803.21,31,REFLETOR
 REFLETOR TR LED 10W SLIM 3000K PRETO,55,27.3, SETEMBRO,1760,886.4,32,REFLETOR
 LAMPADA LED FIREWORKS VINTAGE D95,100,57.29, SETEMBRO,2100,896.91,21,LAMPADA
 LAMPADA LED FIREWORKS VINTAGE G125,120,65.68, SETEMBRO,1680,760.48,14,LAMPADA
 LAMP LED AR111 24° 12W 2700K,100,59.19, SETEMBRO,3800,1550.78,38,LAMP
 LAMPADA LED AR70 4.8W 2700K DIMERIZAVEL GU10,90,51.25, SETEMBRO,4860,2092.5,54,LAMPADA
 LAMPADA MINI DICROICA DIMERIZAVEL 3.5W 3000K 210LM,60,33.2, SETEMBRO,780,348.4,13,LAMPADA
 LUMINARIA DE EMERGENCIA LED PRATIC,40,23.98, SETEMBRO,2600,1041.3,65,LUMINARIA
 PENDENTE TASCHIBRA DOT METAL E COBRE,80,48.02, SETEMBRO,0,0,0,PENDENTE
 TARTARUGA FORCE LED 12W 3000K,70,40.08, SETEMBRO,140,59.84,2,TARTARUGA
 LAM.LED FILAMENTO VINTAGE DIM. ST64 127V AMBAR,50,28.76, SETEMBRO,550,233.64,11,LAM.LED
 LAMPADA LED FILAMENTO VINTAGE GLOBO G80 AMBAR,45,24.44, SETEMBRO,765,349.52,17,LAMPADA
 LAMPADA LED FILAMENTO VINTAGE ST64 AMBAR,40,22.6, SETEMBRO,1000,435,25,LAMPADA
 LAMPADA LED FILAMENTO VINTAGE 4W ST AMBAR,40,19.9, SETEMBRO,960,482.4,24,LAMPADA
 PENDENTE TASCHIBRA AISHA BOREAL CONHAQUE 1xE27,120,70.33, SETEMBRO,120,49.67,1,PENDENTE
 PENDENTE TASCHIBRA SARAH BOREAL CONHAQUE 1xE27,120,74.37, SETEMBRO,0,0,0,PENDENTE
 PENDENTE TASCHIBRA YASMIN BOREAL CONHAQUE 1xE27,110,66.73, SETEMBRO,220,86.54,2,PENDENTE
 VELA LED DECORATIVA 15 CM PILHA AMARELO,24.99,14.85, SETEMBRO,249.9,101.4,10,VELA
 VELA LED DECORATIVA 10CM PILHA AMARELA,22.99,13.99, SETEMBRO,206.91,81,9,VELA
 PENDENTE TASCHIBRA LAYLA P CANELADO CONHAQUE 1xE27,120,76.51, SETEMBRO,240,86.98,2,PENDENTE
 PENDENTE TASCHIBRA BADIH P BOREAL CONHAQUE 1xE27 PT,120,73.4, SETEMBRO,120,46.6,1,PENDENTE
 LAMP.LED TKL 30 4.9W 6500K,10,6.3, SETEMBRO,470,173.9,47,LAMP.LED
 LAMPADA LED TKL30 4.9W 3000K 400LM,10,5.39, SETEMBRO,650,299.65,65,LAMPADA
 DRIVE TASCHIBRA PARA PAINEL LED 30 / 24W AUTO VOLT,20,11.39, SETEMBRO,60,25.83,3,DRIVE
 DRIVE TASCHIBRA PARA PAINEL LED 22 / 18W AUTO VOLT,20,9.29, SETEMBRO,240,128.52,12,DRIVE
 LUMINARIA LED SLIM 20 EMB. 4000K BRANCA,310,177.56, SETEMBRO,0,0,0,LUMINARIA
 LUMINARIA LED SLIM 10 EMB. 4000K BRANCA,180,87.5, SETEMBRO,0,0,0,LUMINARIA
 PLAFON LED QUADRADO 18W SOB.3000K,70,37.83, SETEMBRO,630,289.53,9,PLAFON
 PLAFON LED REDONDO 18W SOB.3000K,80,33.71, SETEMBRO,800,462.9,10,PLAFON
 PAINEL LED 3W QUADRADO EMBUTIR 3000K,20,10.8, SETEMBRO,400,184,20,PAINEL
 PAINEL LED 3W REDONDO EMBUTIR 3000K,20,10.26, SETEMBRO,400,194.8,20,PAINEL
 SPOT EMB.LED 5W 3000K QUADRADO,35,21.51, SETEMBRO,1295,499.13,37,SPOT
 DIFUSOR EM POLICARBONATO PARA TKL 5400,50,34.55, SETEMBRO,500,154.5,10,DIFUSOR
 LAM.HIGH LED 5400 61W 6500K E27,279,176.51, SETEMBRO,0,0,0,LAM.HIGH
 LAM.LED TDL35 4.9W 350LM 3000K GU10 DICROICA,20,11, SETEMBRO,300,135,15,LAM.LED
 LAM.LED 250 3000K GU10,18,14.8, SETEMBRO,630,112,35,LAM.LED
 ESPETO LED SOLAR PRATIC 3000K,60,43.63, SETEMBRO,600,163.7,10,ESPETO
 LAMP HIGH LED TKL 4800 E27 6500K,200,19.54, SETEMBRO,200,180.46,1,LAMP
 LAMP HIGH LED TKL 3600 E27 6500K,120,78.2, SETEMBRO,720,250.8,6,LAMP
 LAMP HIGH LED TKL 2700 E27 6500K,70,37.44, SETEMBRO,840,390.72,12,LAMP
 PAINEL LED 30 QUADRADO 24W EMBUTIR 4000K,80,48.34, SETEMBRO,960,379.92,12,PAINEL
 PAINEL LED 18W EMB.4000K,50,28.01, SETEMBRO,750,329.85,15,PAINEL
 PLAFON LED 12W 4000K EMBUTIR QUADRADO PAINEL DE LED BRANCO,35,18.27, SETEMBRO,910,434.98,26,PLAFON
 PLAFON LED 12W 4000K EMBUTIR REDONDO PAINEL DE LED BRANCO,38,22.49, SETEMBRO,1026,418.77,27,PLAFON
 PAINEL LED 30 QUADRADO 24W SOBREPOR 4000K,110,54.83, SETEMBRO,550,275.85,5,PAINEL
 PAINEL DE LED 22 QUADRADO SOBREPOR 4000K,60,33.26, SETEMBRO,900,401.1,15,PAINEL
 PAINEL LED 12W QUADRADO SOBREPOR 4000K,40,21.76, SETEMBRO,520,237.12,13,PAINEL
 LAM.LED G9 3W 200LM 3000K HALLOPIN,35,20.61, SETEMBRO,770,316.58,22,LAM.LED
 LAM.LED TKL 1400 6500K,33,19.67, SETEMBRO,891,359.91,27,LAM.LED
 LAM.LED VELA TVL 250 CLARA 3000K,30,13, SETEMBRO,1080,612,36,LAM.LED
 LAMPADA LED TKL100 15W 6500K 1507LM,30,12.6, SETEMBRO,1080,626.4,36,LAMPADA
 LAMP LED BULBO TKL 15W 1507lm E27 3000K,30,16.87, SETEMBRO,690,301.99,23,LAMP
 LAMP LED BULBO TKL 11W 1100lm E27 6500K,30,18.68, SETEMBRO,750,283,25,LAMP
 LAMPADA LED TKL75 9.9W 4000K 1018LM,17,8.39, SETEMBRO,408,206.64,24,LAMPADA
 LAMPADA LED TKL75 9.9W 3000K 1018LM,18,9.74, SETEMBRO,288,132.16,16,LAMPADA
 PENDENTE ARAMADO UNI 605 1XE27,480,217.98, SETEMBRO,0,0,0,PENDENTE
 CALHA BRILHARE 2X16 LED BRANCA,70,40.06, SETEMBRO,210,89.82,3,CALHA
 LUMINARIA FIT LED 1X9W AUTOVOLT 6500k BRANCA,70,44.22, SETEMBRO,0,0,0,LUMINARIA
 LAMP LED PAR 20 7W VERDE IP65 E27,40,25.38, SETEMBRO,1000,365.5,25,LAMP
 PLAFON LED QUADRADO FIT TSQL 18W / 22W 3000K,50,26.74, SETEMBRO,350,162.82,7,PLAFON
 PLAFON LED 22 REDONDO EMB. 3000K,60,29.21, SETEMBRO,780,400.27,13,PLAFON
 LAMP LED AR111 9W GU10 810LM 3000k,85,53, SETEMBRO,1020,384,12,LAMP
 LAMP LED BULBO TKL 9W 900lm E27 6500K,12,5.75, SETEMBRO,276,143.75,23,LAMP
 LAMP LED BULBO TKL 9W 900lm E27 4000K,25,14.29, SETEMBRO,475,203.49,19,LAMP
 LAMPADA LED TKL60 9W 3000K 803LM,12,5.62, SETEMBRO,336,178.64,28,LAMPADA
 LAMP LED BULBO TKL 6W 500 E27 4000K,20,12.9, SETEMBRO,400,142,20,LAMP
 LAMP LED BULBO TKL 4.9W 500lm E27 3000K,11,6.58, SETEMBRO,352,141.44,32,LAMP
 LUMINARIA LED TL SLIM 20 AUTOVOLT 4000K BRANCA,320,177.53, SETEMBRO,0,0,0,LUMINARIA
 LUMINARIA LED TL SLIM 10 AUTOVOLT 4000K BRANCA,200,85.28, SETEMBRO,0,0,0,LUMINARIA
 PLAFON LED 24W 3000K SOBREPOR QUADRADO TLPQ PAINEL DE LED BRANCO,110,54.83, SETEMBRO,110,55.17,1,PLAFON
 PLAFON LED 30W 3000K SOBREPOR REDONDO,110,76.62, SETEMBRO,110,33.38,1,PLAFON
 PLAFON LED 12W 3000K QUADRADO TLPQ PAINEL DE LED BRANCO,45,21.69, SETEMBRO,630,326.34,14,PLAFON
 Tartaruga TTL 05 retangular 1xG9 3000K 127V LED BR,100,69.12, SETEMBRO,100,30.88,1,Tartaruga
 PENDENTE TD 902 PRETO TEXTURARIZADO GRANDE,500,317.79, SETEMBRO,500,182.21,1,PENDENTE
 PENDENTE TD 902 BRANCO TEXTURARIZADO,270,137.09, SETEMBRO,0,0,0,PENDENTE
 LAMP LED TDL 07 6W 4000K GU-10,30,17.36, SETEMBRO,1410,594.08,47,LAMP
 REFLETOR LED 50W SLIM 6500K PRETO,140,63.9, OUTUBRO,2800,1522,20,REFLETOR
 LAMPADA LED TKL60 12W 3000K 1018LM,16,7.99, OUTUBRO,3216,1610.01,201,LAMPADA
 PAINEL DE LED LUX 62X62 36W SOBREPOR 4000K,350,191, OUTUBRO,8400,3816,24,PAINEL
 PAINEL DE LED LUX 62X62 36W SOBREPOR 3000K,350,191, OUTUBRO,6300,2862,18,PAINEL
 PAINEL LED LUX 62X62 36W EMBUTIR 4000K 2520LM,315,174.99, OUTUBRO,4410,1960.14,14,PAINEL
 PAINEL LED LUX 40X40 SPBREPOR 4000K,260,157.5, OUTUBRO,3900,1537.5,15,PAINEL
 PAINEL LED LUX 40X40 32W 4000K EMBUTIT,220,110.64, OUTUBRO,2640,1312.32,12,PAINEL
 PLAFON LED 24w QUADRADO SOBREPOR 4000K,90,41.49, OUTUBRO,3600,1940.4,40,PLAFON
 PAINEL LED 18W LUX QUADRADO SOBREPOR 4000K,55,28.32, OUTUBRO,2090,1013.84,38,PAINEL
 PAINEL LED 12W QUADRADO SOBREPOR 4000K,40,22.66, OUTUBRO,720,312.12,18,PAINEL
 PAINEL LED 18W LUX REDONDO QUADRADO SOBREPOR 4000K,50,24.24, OUTUBRO,2000,1030.4,40,PAINEL
 PLAFON 18W QUADRADO EMBUTIE 4000K,55,25.2, OUTUBRO,1705,923.8,31,PLAFON
 PAINEL LED 12W REDONDO EMBUTIR 4000K,35,20.22, OUTUBRO,350,147.8,10,PAINEL
 PENDENTE TASCHIBRA TEARS 5XE27 PRETA,250,134.56, OUTUBRO,750,346.32,3,PENDENTE
 DRIVE PARA PAINEL LED 24W AUTOVOLT,25,11.33, OUTUBRO,600,328.08,24,DRIVE
 DRIVE PARA PAINEL LED 18W LUX AUTOVOLT,20,9.24, OUTUBRO,560,301.28,28,DRIVE
 PAINEL LED 24W QUADRADO SOBREPOR 3000K,80,38.95, OUTUBRO,3120,1600.95,39,PAINEL
 PAINEL DE LED 18W QUADRADO SOBREPOR 3000K,65,32.79, OUTUBRO,2340,1159.56,36,PAINEL
 PAINEL LED 12W LUX QUADRADO SOBREPOR 3000K,50,24.4, OUTUBRO,1350,691.2,27,PAINEL
 PAINEL LED 18W LUX QUADRADO EMBUTIR - 3000K,55,27.99, OUTUBRO,1870,918.34,34,PAINEL
 PENDENTE BALOON 1xE27 BRANCA,140,81, OUTUBRO,140,59,1,PENDENTE
 PENDENTE BALOON 1xE27 PRETO,140,83.58, OUTUBRO,0,0,0,PENDENTE
 REFLETOR LED 50W 6500K PRETO,180,91.4, OUTUBRO,2700,1329,15,REFLETOR
 LAMPADA MINI DICROICA 3.5W 3000K 210LM,25,13.73, OUTUBRO,700,315.56,28,LAMPADA
 REFLETOR LED 30W 3000K PRETO,120,66.78, OUTUBRO,2400,1064.4,20,REFLETOR
 REFLETOR TR LRD 10W SLIM 6500K PRETO,60,34.09, OUTUBRO,2100,906.85,35,REFLETOR
 REFLETOR TR LED 10W SLIM 3000K PRETO,55,27.3, OUTUBRO,1980,997.2,36,REFLETOR
 LAMPADA LED FIREWORKS VINTAGE D95,100,57.29, OUTUBRO,2600,1110.46,26,LAMPADA
 LAMPADA LED FIREWORKS VINTAGE G125,120,65.68, OUTUBRO,1920,869.12,16,LAMPADA
 LAMP LED AR111 24° 12W 2700K,100,59.19, OUTUBRO,3800,1550.78,38,LAMP
 LAMPADA LED AR70 4.8W 2700K DIMERIZAVEL GU10,90,51.25, OUTUBRO,5220,2247.5,58,LAMPADA
 LAMPADA MINI DICROICA DIMERIZAVEL 3.5W 3000K 210LM,60,33.2, OUTUBRO,780,348.4,13,LAMPADA
 LUMINARIA DE EMERGENCIA LED PRATIC,40,23.98, OUTUBRO,2880,1153.44,72,LUMINARIA
 PENDENTE TASCHIBRA DOT METAL E COBRE,80,48.02, OUTUBRO,160,63.96,2,PENDENTE
 TARTARUGA FORCE LED 12W 3000K,70,40.08, OUTUBRO,0,0,0,TARTARUGA
 LAM.LED FILAMENTO VINTAGE DIM. ST64 127V AMBAR,50,28.76, OUTUBRO,750,318.6,15,LAM.LED
 LAMPADA LED FILAMENTO VINTAGE GLOBO G80 AMBAR,45,24.44, OUTUBRO,855,390.64,19,LAMPADA
 LAMPADA LED FILAMENTO VINTAGE ST64 AMBAR,40,22.6, OUTUBRO,1080,469.8,27,LAMPADA
 LAMPADA LED FILAMENTO VINTAGE 4W ST AMBAR,40,19.9, OUTUBRO,1120,562.8,28,LAMPADA
 PENDENTE TASCHIBRA AISHA BOREAL CONHAQUE 1xE27,120,70.33, OUTUBRO,0,0,0,PENDENTE
 PENDENTE TASCHIBRA SARAH BOREAL CONHAQUE 1xE27,120,74.37, OUTUBRO,120,45.63,1,PENDENTE
 PENDENTE TASCHIBRA YASMIN BOREAL CONHAQUE 1xE27,110,66.73, OUTUBRO,220,86.54,2,PENDENTE
 VELA LED DECORATIVA 15 CM PILHA AMARELO,24.99,14.85, OUTUBRO,299.88,121.68,12,VELA
 VELA LED DECORATIVA 10CM PILHA AMARELA,22.99,13.99, OUTUBRO,160.93,63,7,VELA
 PENDENTE TASCHIBRA LAYLA P CANELADO CONHAQUE 1xE27,120,76.51, OUTUBRO,0,0,0,PENDENTE
 PENDENTE TASCHIBRA BADIH P BOREAL CONHAQUE 1xE27 PT,120,73.4, OUTUBRO,120,46.6,1,PENDENTE
 LAMP.LED TKL 30 4.9W 6500K,10,6.3, OUTUBRO,510,188.7,51,LAMP.LED
 LAMPADA LED TKL30 4.9W 3000K 400LM,10,5.39, OUTUBRO,660,304.26,66,LAMPADA
 DRIVE TASCHIBRA PARA PAINEL LED 30 / 24W AUTO VOLT,20,11.39, OUTUBRO,20,8.61,1,DRIVE
 DRIVE TASCHIBRA PARA PAINEL LED 22 / 18W AUTO VOLT,20,9.29, OUTUBRO,200,107.1,10,DRIVE
 LUMINARIA LED SLIM 20 EMB. 4000K BRANCA,310,177.56, OUTUBRO,0,0,0,LUMINARIA
 LUMINARIA LED SLIM 10 EMB. 4000K BRANCA,180,87.5, OUTUBRO,0,0,0,LUMINARIA
 PLAFON LED QUADRADO 18W SOB.3000K,70,37.83, OUTUBRO,630,289.53,9,PLAFON
 PLAFON LED REDONDO 18W SOB.3000K,80,33.71, OUTUBRO,640,370.32,8,PLAFON
 PAINEL LED 3W QUADRADO EMBUTIR 3000K,20,10.8, OUTUBRO,420,193.2,21,PAINEL
 PAINEL LED 3W REDONDO EMBUTIR 3000K,20,10.26, OUTUBRO,360,175.32,18,PAINEL
 SPOT EMB.LED 5W 3000K QUADRADO,35,21.51, OUTUBRO,1435,553.09,41,SPOT
 DIFUSOR EM POLICARBONATO PARA TKL 5400,50,34.55, OUTUBRO,600,185.4,12,DIFUSOR
 LAM.HIGH LED 5400 61W 6500K E27,279,176.51, OUTUBRO,0,0,0,LAM.HIGH
 LAM.LED TDL35 4.9W 350LM 3000K GU10 DICROICA,20,11, OUTUBRO,240,108,12,LAM.LED
 LAM.LED 250 3000K GU10,18,14.8, OUTUBRO,612,108.8,34,LAM.LED
 ESPETO LED SOLAR PRATIC 3000K,60,43.63, OUTUBRO,660,180.07,11,ESPETO
 LAMP HIGH LED TKL 4800 E27 6500K,200,19.54, OUTUBRO,0,0,0,LAMP
 LAMP HIGH LED TKL 3600 E27 6500K,120,78.2, OUTUBRO,960,334.4,8,LAMP
 LAMP HIGH LED TKL 2700 E27 6500K,70,37.44, OUTUBRO,770,358.16,11,LAMP
 PAINEL LED 30 QUADRADO 24W EMBUTIR 4000K,80,48.34, OUTUBRO,880,348.26,11,PAINEL
 PAINEL LED 18W EMB.4000K,50,28.01, OUTUBRO,850,373.83,17,PAINEL
 PLAFON LED 12W 4000K EMBUTIR QUADRADO PAINEL DE LED BRANCO,35,18.27, OUTUBRO,875,418.25,25,PLAFON
 PLAFON LED 12W 4000K EMBUTIR REDONDO PAINEL DE LED BRANCO,38,22.49, OUTUBRO,1064,434.28,28,PLAFON
 PAINEL LED 30 QUADRADO 24W SOBREPOR 4000K,110,54.83, OUTUBRO,220,110.34,2,PAINEL
 PAINEL DE LED 22 QUADRADO SOBREPOR 4000K,60,33.26, OUTUBRO,720,320.88,12,PAINEL
 PAINEL LED 12W QUADRADO SOBREPOR 4000K,40,21.76, OUTUBRO,640,291.84,16,PAINEL
 LAM.LED G9 3W 200LM 3000K HALLOPIN,35,20.61, OUTUBRO,735,302.19,21,LAM.LED
 LAM.LED TKL 1400 6500K,33,19.67, OUTUBRO,957,386.57,29,LAM.LED
 LAM.LED VELA TVL 250 CLARA 3000K,30,13, OUTUBRO,1140,646,38,LAM.LED
 LAMPADA LED TKL100 15W 6500K 1507LM,30,12.6, OUTUBRO,1110,643.8,37,LAMPADA
 LAMP LED BULBO TKL 15W 1507lm E27 3000K,30,16.87, OUTUBRO,660,288.86,22,LAMP
 LAMP LED BULBO TKL 11W 1100lm E27 6500K,30,18.68, OUTUBRO,810,305.64,27,LAMP
 LAMPADA LED TKL75 9.9W 4000K 1018LM,17,8.39, OUTUBRO,357,180.81,21,LAMPADA
 LAMPADA LED TKL75 9.9W 3000K 1018LM,18,9.74, OUTUBRO,324,148.68,18,LAMPADA
 PENDENTE ARAMADO UNI 605 1XE27,480,217.98, OUTUBRO,0,0,0,PENDENTE
 CALHA BRILHARE 2X16 LED BRANCA,70,40.06, OUTUBRO,140,59.88,2,CALHA
 LUMINARIA FIT LED 1X9W AUTOVOLT 6500k BRANCA,70,44.22, OUTUBRO,70,25.78,1,LUMINARIA
 LAMP LED PAR 20 7W VERDE IP65 E27,40,25.38, OUTUBRO,1040,380.12,26,LAMP
 PLAFON LED QUADRADO FIT TSQL 18W / 22W 3000K,50,26.74, OUTUBRO,500,232.6,10,PLAFON
 PLAFON LED 22 REDONDO EMB. 3000K,60,29.21, OUTUBRO,780,400.27,13,PLAFON
 LAMP LED AR111 9W GU10 810LM 3000k,85,53, OUTUBRO,850,320,10,LAMP
 LAMP LED BULBO TKL 9W 900lm E27 6500K,12,5.75, OUTUBRO,288,150,24,LAMP
 LAMP LED BULBO TKL 9W 900lm E27 4000K,25,14.29, OUTUBRO,525,224.91,21,LAMP
 LAMPADA LED TKL60 9W 3000K 803LM,12,5.62, OUTUBRO,348,185.02,29,LAMPADA
 LAMP LED BULBO TKL 6W 500 E27 4000K,20,12.9, OUTUBRO,440,156.2,22,LAMP
 LAMP LED BULBO TKL 4.9W 500lm E27 3000K,11,6.58, OUTUBRO,363,145.86,33,LAMP
 LUMINARIA LED TL SLIM 20 AUTOVOLT 4000K BRANCA,320,177.53, OUTUBRO,0,0,0,LUMINARIA
 LUMINARIA LED TL SLIM 10 AUTOVOLT 4000K BRANCA,200,85.28, OUTUBRO,0,0,0,LUMINARIA
 PLAFON LED 24W 3000K SOBREPOR QUADRADO TLPQ PAINEL DE LED BRANCO,110,54.83, OUTUBRO,0,0,0,PLAFON
 PLAFON LED 30W 3000K SOBREPOR REDONDO,110,76.62, OUTUBRO,0,0,0,PLAFON
 PLAFON LED 12W 3000K QUADRADO TLPQ PAINEL DE LED BRANCO,45,21.69, OUTUBRO,630,326.34,14,PLAFON
 Tartaruga TTL 05 retangular 1xG9 3000K 127V LED BR,100,69.12, OUTUBRO,0,0,0,Tartaruga
 PENDENTE TD 902 PRETO TEXTURARIZADO GRANDE,500,317.79, OUTUBRO,1000,364.42,2,PENDENTE
 PENDENTE TD 902 BRANCO TEXTURARIZADO,270,137.09, OUTUBRO,0,0,0,PENDENTE
 LAMP LED TDL 07 6W 4000K GU-10,30,17.36, OUTUBRO,1440,606.72,48,LAMP
 REFLETOR LED 50W SLIM 6500K PRETO,140,63.9, NOVEMBRO,2660,1445.9,19,REFLETOR
 LAMPADA LED TKL60 12W 3000K 1018LM,16,7.99, NOVEMBRO,3344,1674.09,209,LAMPADA
 PAINEL DE LED LUX 62X62 36W SOBREPOR 4000K,350,191, NOVEMBRO,9100,4134,26,PAINEL
 PAINEL DE LED LUX 62X62 36W SOBREPOR 3000K,350,191, NOVEMBRO,6300,2862,18,PAINEL
 PAINEL LED LUX 62X62 36W EMBUTIR 4000K 2520LM,315,174.99, NOVEMBRO,4095,1820.13,13,PAINEL
 PAINEL LED LUX 40X40 SPBREPOR 4000K,260,157.5, NOVEMBRO,3900,1537.5,15,PAINEL
 PAINEL LED LUX 40X40 32W 4000K EMBUTIT,220,110.64, NOVEMBRO,2420,1202.96,11,PAINEL
 PLAFON LED 24w QUADRADO SOBREPOR 4000K,90,41.49, NOVEMBRO,3510,1891.89,39,PLAFON
 PAINEL LED 18W LUX QUADRADO SOBREPOR 4000K,55,28.32, NOVEMBRO,2200,1067.2,40,PAINEL
 PAINEL LED 12W QUADRADO SOBREPOR 4000K,40,22.66, NOVEMBRO,680,294.78,17,PAINEL
 PAINEL LED 18W LUX REDONDO QUADRADO SOBREPOR 4000K,50,24.24, NOVEMBRO,1950,1004.64,39,PAINEL
 PLAFON 18W QUADRADO EMBUTIE 4000K,55,25.2, NOVEMBRO,1595,864.2,29,PLAFON
 PAINEL LED 12W REDONDO EMBUTIR 4000K,35,20.22, NOVEMBRO,385,162.58,11,PAINEL
 PENDENTE TASCHIBRA TEARS 5XE27 PRETA,250,134.56, NOVEMBRO,500,230.88,2,PENDENTE
 DRIVE PARA PAINEL LED 24W AUTOVOLT,25,11.33, NOVEMBRO,650,355.42,26,DRIVE
 DRIVE PARA PAINEL LED 18W LUX AUTOVOLT,20,9.24, NOVEMBRO,560,301.28,28,DRIVE
 PAINEL LED 24W QUADRADO SOBREPOR 3000K,80,38.95, NOVEMBRO,3280,1683.05,41,PAINEL
 PAINEL DE LED 18W QUADRADO SOBREPOR 3000K,65,32.79, NOVEMBRO,2535,1256.19,39,PAINEL
 PAINEL LED 12W LUX QUADRADO SOBREPOR 3000K,50,24.4, NOVEMBRO,1300,665.6,26,PAINEL
 PAINEL LED 18W LUX QUADRADO EMBUTIR - 3000K,55,27.99, NOVEMBRO,2035,999.37,37,PAINEL
 PENDENTE BALOON 1xE27 BRANCA,140,81, NOVEMBRO,420,177,3,PENDENTE
 PENDENTE BALOON 1xE27 PRETO,140,83.58, NOVEMBRO,140,56.42,1,PENDENTE
 REFLETOR LED 50W 6500K PRETO,180,91.4, NOVEMBRO,2880,1417.6,16,REFLETOR
 LAMPADA MINI DICROICA 3.5W 3000K 210LM,25,13.73, NOVEMBRO,675,304.29,27,LAMPADA
 REFLETOR LED 30W 3000K PRETO,120,66.78, NOVEMBRO,2520,1117.62,21,REFLETOR
 REFLETOR TR LRD 10W SLIM 6500K PRETO,60,34.09, NOVEMBRO,2040,880.94,34,REFLETOR
 REFLETOR TR LED 10W SLIM 3000K PRETO,55,27.3, NOVEMBRO,2090,1052.6,38,REFLETOR
 LAMPADA LED FIREWORKS VINTAGE D95,100,57.29, NOVEMBRO,2300,982.33,23,LAMPADA
 LAMPADA LED FIREWORKS VINTAGE G125,120,65.68, NOVEMBRO,1680,760.48,14,LAMPADA
 LAMP LED AR111 24° 12W 2700K,100,59.19, NOVEMBRO,3700,1509.97,37,LAMP
 LAMPADA LED AR70 4.8W 2700K DIMERIZAVEL GU10,90,51.25, NOVEMBRO,5220,2247.5,58,LAMPADA
 LAMPADA MINI DICROICA DIMERIZAVEL 3.5W 3000K 210LM,60,33.2, NOVEMBRO,900,402,15,LAMPADA
 LUMINARIA DE EMERGENCIA LED PRATIC,40,23.98, NOVEMBRO,2720,1089.36,68,LUMINARIA
 PENDENTE TASCHIBRA DOT METAL E COBRE,80,48.02, NOVEMBRO,80,31.98,1,PENDENTE
 TARTARUGA FORCE LED 12W 3000K,70,40.08, NOVEMBRO,70,29.92,1,TARTARUGA
 LAM.LED FILAMENTO VINTAGE DIM. ST64 127V AMBAR,50,28.76, NOVEMBRO,700,297.36,14,LAM.LED
 LAMPADA LED FILAMENTO VINTAGE GLOBO G80 AMBAR,45,24.44, NOVEMBRO,855,390.64,19,LAMPADA
 LAMPADA LED FILAMENTO VINTAGE ST64 AMBAR,40,22.6, NOVEMBRO,1000,435,25,LAMPADA
 LAMPADA LED FILAMENTO VINTAGE 4W ST AMBAR,40,19.9, NOVEMBRO,1080,542.7,27,LAMPADA
 PENDENTE TASCHIBRA AISHA BOREAL CONHAQUE 1xE27,120,70.33, NOVEMBRO,360,149.01,3,PENDENTE
 PENDENTE TASCHIBRA SARAH BOREAL CONHAQUE 1xE27,120,74.37, NOVEMBRO,120,45.63,1,PENDENTE
 PENDENTE TASCHIBRA YASMIN BOREAL CONHAQUE 1xE27,110,66.73, NOVEMBRO,110,43.27,1,PENDENTE
 VELA LED DECORATIVA 15 CM PILHA AMARELO,24.99,14.85, NOVEMBRO,274.89,111.54,11,VELA
 VELA LED DECORATIVA 10CM PILHA AMARELA,22.99,13.99, NOVEMBRO,160.93,63,7,VELA
 PENDENTE TASCHIBRA LAYLA P CANELADO CONHAQUE 1xE27,120,76.51, NOVEMBRO,240,86.98,2,PENDENTE
 PENDENTE TASCHIBRA BADIH P BOREAL CONHAQUE 1xE27 PT,120,73.4, NOVEMBRO,120,46.6,1,PENDENTE
 LAMP.LED TKL 30 4.9W 6500K,10,6.3, NOVEMBRO,520,192.4,52,LAMP.LED
 LAMPADA LED TKL30 4.9W 3000K 400LM,10,5.39, NOVEMBRO,670,308.87,67,LAMPADA
 DRIVE TASCHIBRA PARA PAINEL LED 30 / 24W AUTO VOLT,20,11.39, NOVEMBRO,40,17.22,2,DRIVE
 DRIVE TASCHIBRA PARA PAINEL LED 22 / 18W AUTO VOLT,20,9.29, NOVEMBRO,200,107.1,10,DRIVE
 LUMINARIA LED SLIM 20 EMB. 4000K BRANCA,310,177.56, NOVEMBRO,0,0,0,LUMINARIA
 LUMINARIA LED SLIM 10 EMB. 4000K BRANCA,180,87.5, NOVEMBRO,0,0,0,LUMINARIA
 PLAFON LED QUADRADO 18W SOB.3000K,70,37.83, NOVEMBRO,560,257.36,8,PLAFON
 PLAFON LED REDONDO 18W SOB.3000K,80,33.71, NOVEMBRO,880,509.19,11,PLAFON
 PAINEL LED 3W QUADRADO EMBUTIR 3000K,20,10.8, NOVEMBRO,400,184,20,PAINEL
 PAINEL LED 3W REDONDO EMBUTIR 3000K,20,10.26, NOVEMBRO,360,175.32,18,PAINEL
 SPOT EMB.LED 5W 3000K QUADRADO,35,21.51, NOVEMBRO,1225,472.15,35,SPOT
 DIFUSOR EM POLICARBONATO PARA TKL 5400,50,34.55, NOVEMBRO,750,231.75,15,DIFUSOR
 LAM.HIGH LED 5400 61W 6500K E27,279,176.51, NOVEMBRO,558,204.98,2,LAM.HIGH
 LAM.LED TDL35 4.9W 350LM 3000K GU10 DICROICA,20,11, NOVEMBRO,240,108,12,LAM.LED
 LAM.LED 250 3000K GU10,18,14.8, NOVEMBRO,576,102.4,32,LAM.LED
 ESPETO LED SOLAR PRATIC 3000K,60,43.63, NOVEMBRO,720,196.44,12,ESPETO
 LAMP HIGH LED TKL 4800 E27 6500K,200,19.54, NOVEMBRO,0,0,0,LAMP
 LAMP HIGH LED TKL 3600 E27 6500K,120,78.2, NOVEMBRO,960,334.4,8,LAMP
 LAMP HIGH LED TKL 2700 E27 6500K,70,37.44, NOVEMBRO,770,358.16,11,LAMP
 PAINEL LED 30 QUADRADO 24W EMBUTIR 4000K,80,48.34, NOVEMBRO,1280,506.56,16,PAINEL
 PAINEL LED 18W EMB.4000K,50,28.01, NOVEMBRO,800,351.84,16,PAINEL
 PLAFON LED 12W 4000K EMBUTIR QUADRADO PAINEL DE LED BRANCO,35,18.27, NOVEMBRO,805,384.79,23,PLAFON
 PLAFON LED 12W 4000K EMBUTIR REDONDO PAINEL DE LED BRANCO,38,22.49, NOVEMBRO,874,356.73,23,PLAFON
 PAINEL LED 30 QUADRADO 24W SOBREPOR 4000K,110,54.83, NOVEMBRO,330,165.51,3,PAINEL
 PAINEL DE LED 22 QUADRADO SOBREPOR 4000K,60,33.26, NOVEMBRO,660,294.14,11,PAINEL
 PAINEL LED 12W QUADRADO SOBREPOR 4000K,40,21.76, NOVEMBRO,600,273.6,15,PAINEL
 LAM.LED G9 3W 200LM 3000K HALLOPIN,35,20.61, NOVEMBRO,840,345.36,24,LAM.LED
 LAM.LED TKL 1400 6500K,33,19.67, NOVEMBRO,1023,413.23,31,LAM.LED
 LAM.LED VELA TVL 250 CLARA 3000K,30,13, NOVEMBRO,1140,646,38,LAM.LED
 LAMPADA LED TKL100 15W 6500K 1507LM,30,12.6, NOVEMBRO,1110,643.8,37,LAMPADA
 LAMP LED BULBO TKL 15W 1507lm E27 3000K,30,16.87, NOVEMBRO,600,262.6,20,LAMP
 LAMP LED BULBO TKL 11W 1100lm E27 6500K,30,18.68, NOVEMBRO,810,305.64,27,LAMP
 LAMPADA LED TKL75 9.9W 4000K 1018LM,17,8.39, NOVEMBRO,374,189.42,22,LAMPADA
 LAMPADA LED TKL75 9.9W 3000K 1018LM,18,9.74, NOVEMBRO,378,173.46,21,LAMPADA
 PENDENTE ARAMADO UNI 605 1XE27,480,217.98, NOVEMBRO,0,0,0,PENDENTE
 CALHA BRILHARE 2X16 LED BRANCA,70,40.06, NOVEMBRO,140,59.88,2,CALHA
 LUMINARIA FIT LED 1X9W AUTOVOLT 6500k BRANCA,70,44.22, NOVEMBRO,0,0,0,LUMINARIA
 LAMP LED PAR 20 7W VERDE IP65 E27,40,25.38, NOVEMBRO,1120,409.36,28,LAMP
 PLAFON LED QUADRADO FIT TSQL 18W / 22W 3000K,50,26.74, NOVEMBRO,350,162.82,7,PLAFON
 PLAFON LED 22 REDONDO EMB. 3000K,60,29.21, NOVEMBRO,900,461.85,15,PLAFON
 LAMP LED AR111 9W GU10 810LM 3000k,85,53, NOVEMBRO,1020,384,12,LAMP
 LAMP LED BULBO TKL 9W 900lm E27 6500K,12,5.75, NOVEMBRO,252,131.25,21,LAMP
 LAMP LED BULBO TKL 9W 900lm E27 4000K,25,14.29, NOVEMBRO,500,214.2,20,LAMP
 LAMPADA LED TKL60 9W 3000K 803LM,12,5.62, NOVEMBRO,384,204.16,32,LAMPADA
 LAMP LED BULBO TKL 6W 500 E27 4000K,20,12.9, NOVEMBRO,420,149.1,21,LAMP
 LAMP LED BULBO TKL 4.9W 500lm E27 3000K,11,6.58, NOVEMBRO,374,150.28,34,LAMP
 LUMINARIA LED TL SLIM 20 AUTOVOLT 4000K BRANCA,320,177.53, NOVEMBRO,0,0,0,LUMINARIA
 LUMINARIA LED TL SLIM 10 AUTOVOLT 4000K BRANCA,200,85.28, NOVEMBRO,200,114.72,1,LUMINARIA
 PLAFON LED 24W 3000K SOBREPOR QUADRADO TLPQ PAINEL DE LED BRANCO,110,54.83, NOVEMBRO,220,110.34,2,PLAFON
 PLAFON LED 30W 3000K SOBREPOR REDONDO,110,76.62, NOVEMBRO,110,33.38,1,PLAFON
 PLAFON LED 12W 3000K QUADRADO TLPQ PAINEL DE LED BRANCO,45,21.69, NOVEMBRO,585,303.03,13,PLAFON
 Tartaruga TTL 05 retangular 1xG9 3000K 127V LED BR,100,69.12, NOVEMBRO,300,92.64,3,Tartaruga
 PENDENTE TD 902 PRETO TEXTURARIZADO GRANDE,500,317.79, NOVEMBRO,0,0,0,PENDENTE
 PENDENTE TD 902 BRANCO TEXTURARIZADO,270,137.09, NOVEMBRO,270,132.91,1,PENDENTE
 LAMP LED TDL 07 6W 4000K GU-10,30,17.36, NOVEMBRO,1380,581.44,46,LAMP
 REFLETOR LED 50W SLIM 6500K PRETO,140,63.9, DEZEMBRO,2800,1522,20,REFLETOR
 LAMPADA LED TKL60 12W 3000K 1018LM,16,7.99, DEZEMBRO,3264,1634.04,204,LAMPADA
 PAINEL DE LED LUX 62X62 36W SOBREPOR 4000K,350,191, DEZEMBRO,9450,4293,27,PAINEL
 PAINEL DE LED LUX 62X62 36W SOBREPOR 3000K,350,191, DEZEMBRO,5950,2703,17,PAINEL
 PAINEL LED LUX 62X62 36W EMBUTIR 4000K 2520LM,315,174.99, DEZEMBRO,5040,2240.16,16,PAINEL
 PAINEL LED LUX 40X40 SPBREPOR 4000K,260,157.5, DEZEMBRO,3380,1332.5,13,PAINEL
 PAINEL LED LUX 40X40 32W 4000K EMBUTIT,220,110.64, DEZEMBRO,2420,1202.96,11,PAINEL
 PLAFON LED 24w QUADRADO SOBREPOR 4000K,90,41.49, DEZEMBRO,3150,1697.85,35,PLAFON
 PAINEL LED 18W LUX QUADRADO SOBREPOR 4000K,55,28.32, DEZEMBRO,2310,1120.56,42,PAINEL
 PAINEL LED 12W QUADRADO SOBREPOR 4000K,40,22.66, DEZEMBRO,680,294.78,17,PAINEL
 PAINEL LED 18W LUX REDONDO QUADRADO SOBREPOR 4000K,50,24.24, DEZEMBRO,1850,953.12,37,PAINEL
 PLAFON 18W QUADRADO EMBUTIE 4000K,55,25.2, DEZEMBRO,1705,923.8,31,PLAFON
 PAINEL LED 12W REDONDO EMBUTIR 4000K,35,20.22, DEZEMBRO,455,192.14,13,PAINEL
 PENDENTE TASCHIBRA TEARS 5XE27 PRETA,250,134.56, DEZEMBRO,250,115.44,1,PENDENTE
 DRIVE PARA PAINEL LED 24W AUTOVOLT,25,11.33, DEZEMBRO,650,355.42,26,DRIVE
 DRIVE PARA PAINEL LED 18W LUX AUTOVOLT,20,9.24, DEZEMBRO,580,312.04,29,DRIVE
 PAINEL LED 24W QUADRADO SOBREPOR 3000K,80,38.95, DEZEMBRO,3120,1600.95,39,PAINEL
 PAINEL DE LED 18W QUADRADO SOBREPOR 3000K,65,32.79, DEZEMBRO,2470,1223.98,38,PAINEL
 PAINEL LED 12W LUX QUADRADO SOBREPOR 3000K,50,24.4, DEZEMBRO,1550,793.6,31,PAINEL
 PAINEL LED 18W LUX QUADRADO EMBUTIR - 3000K,55,27.99, DEZEMBRO,1980,972.36,36,PAINEL
 PENDENTE BALOON 1xE27 BRANCA,140,81, DEZEMBRO,280,118,2,PENDENTE
 PENDENTE BALOON 1xE27 PRETO,140,83.58, DEZEMBRO,0,0,0,PENDENTE
 REFLETOR LED 50W 6500K PRETO,180,91.4, DEZEMBRO,2700,1329,15,REFLETOR
 LAMPADA MINI DICROICA 3.5W 3000K 210LM,25,13.73, DEZEMBRO,700,315.56,28,LAMPADA
 REFLETOR LED 30W 3000K PRETO,120,66.78, DEZEMBRO,2760,1224.06,23,REFLETOR
 REFLETOR TR LRD 10W SLIM 6500K PRETO,60,34.09, DEZEMBRO,2040,880.94,34,REFLETOR
 REFLETOR TR LED 10W SLIM 3000K PRETO,55,27.3, DEZEMBRO,2200,1108,40,REFLETOR
 LAMPADA LED FIREWORKS VINTAGE D95,100,57.29, DEZEMBRO,2500,1067.75,25,LAMPADA
 LAMPADA LED FIREWORKS VINTAGE G125,120,65.68, DEZEMBRO,1920,869.12,16,LAMPADA
 LAMP LED AR111 24° 12W 2700K,100,59.19, DEZEMBRO,4100,1673.21,41,LAMP
 LAMPADA LED AR70 4.8W 2700K DIMERIZAVEL GU10,90,51.25, DEZEMBRO,4950,2131.25,55,LAMPADA
 LAMPADA MINI DICROICA DIMERIZAVEL 3.5W 3000K 210LM,60,33.2, DEZEMBRO,1020,455.6,17,LAMPADA
 LUMINARIA DE EMERGENCIA LED PRATIC,40,23.98, DEZEMBRO,2680,1073.34,67,LUMINARIA
 PENDENTE TASCHIBRA DOT METAL E COBRE,80,48.02, DEZEMBRO,0,0,0,PENDENTE
 TARTARUGA FORCE LED 12W 3000K,70,40.08, DEZEMBRO,0,0,0,TARTARUGA
 LAM.LED FILAMENTO VINTAGE DIM. ST64 127V AMBAR,50,28.76, DEZEMBRO,800,339.84,16,LAM.LED
 LAMPADA LED FILAMENTO VINTAGE GLOBO G80 AMBAR,45,24.44, DEZEMBRO,945,431.76,21,LAMPADA
 LAMPADA LED FILAMENTO VINTAGE ST64 AMBAR,40,22.6, DEZEMBRO,920,400.2,23,LAMPADA
 LAMPADA LED FILAMENTO VINTAGE 4W ST AMBAR,40,19.9, DEZEMBRO,1040,522.6,26,LAMPADA
 PENDENTE TASCHIBRA AISHA BOREAL CONHAQUE 1xE27,120,70.33, DEZEMBRO,120,49.67,1,PENDENTE
 PENDENTE TASCHIBRA SARAH BOREAL CONHAQUE 1xE27,120,74.37, DEZEMBRO,0,0,0,PENDENTE
 PENDENTE TASCHIBRA YASMIN BOREAL CONHAQUE 1xE27,110,66.73, DEZEMBRO,220,86.54,2,PENDENTE
 VELA LED DECORATIVA 15 CM PILHA AMARELO,24.99,14.85, DEZEMBRO,249.9,101.4,10,VELA
 VELA LED DECORATIVA 10CM PILHA AMARELA,22.99,13.99, DEZEMBRO,206.91,81,9,VELA
 PENDENTE TASCHIBRA LAYLA P CANELADO CONHAQUE 1xE27,120,76.51, DEZEMBRO,240,86.98,2,PENDENTE
 PENDENTE TASCHIBRA BADIH P BOREAL CONHAQUE 1xE27 PT,120,73.4, DEZEMBRO,0,0,0,PENDENTE
 LAMP.LED TKL 30 4.9W 6500K,10,6.3, DEZEMBRO,530,196.1,53,LAMP.LED
 LAMPADA LED TKL30 4.9W 3000K 400LM,10,5.39, DEZEMBRO,720,331.92,72,LAMPADA
 DRIVE TASCHIBRA PARA PAINEL LED 30 / 24W AUTO VOLT,20,11.39, DEZEMBRO,0,0,0,DRIVE
 DRIVE TASCHIBRA PARA PAINEL LED 22 / 18W AUTO VOLT,20,9.29, DEZEMBRO,220,117.81,11,DRIVE
 LUMINARIA LED SLIM 20 EMB. 4000K BRANCA,310,177.56, DEZEMBRO,0,0,0,LUMINARIA
 LUMINARIA LED SLIM 10 EMB. 4000K BRANCA,180,87.5, DEZEMBRO,0,0,0,LUMINARIA
 PLAFON LED QUADRADO 18W SOB.3000K,70,37.83, DEZEMBRO,630,289.53,9,PLAFON
 PLAFON LED REDONDO 18W SOB.3000K,80,33.71, DEZEMBRO,960,555.48,12,PLAFON
 PAINEL LED 3W QUADRADO EMBUTIR 3000K,20,10.8, DEZEMBRO,460,211.6,23,PAINEL
 PAINEL LED 3W REDONDO EMBUTIR 3000K,20,10.26, DEZEMBRO,380,185.06,19,PAINEL
 SPOT EMB.LED 5W 3000K QUADRADO,35,21.51, DEZEMBRO,1330,512.62,38,SPOT
 DIFUSOR EM POLICARBONATO PARA TKL 5400,50,34.55, DEZEMBRO,700,216.3,14,DIFUSOR
 LAM.HIGH LED 5400 61W 6500K E27,279,176.51, DEZEMBRO,279,102.49,1,LAM.HIGH
 LAM.LED TDL35 4.9W 350LM 3000K GU10 DICROICA,20,11, DEZEMBRO,260,117,13,LAM.LED
 LAM.LED 250 3000K GU10,18,14.8, DEZEMBRO,576,102.4,32,LAM.LED
 ESPETO LED SOLAR PRATIC 3000K,60,43.63, DEZEMBRO,660,180.07,11,ESPETO
 LAMP HIGH LED TKL 4800 E27 6500K,200,19.54, DEZEMBRO,400,360.92,2,LAMP
 LAMP HIGH LED TKL 3600 E27 6500K,120,78.2, DEZEMBRO,1080,376.2,9,LAMP
 LAMP HIGH LED TKL 2700 E27 6500K,70,37.44, DEZEMBRO,910,423.28,13,LAMP
 PAINEL LED 30 QUADRADO 24W EMBUTIR 4000K,80,48.34, DEZEMBRO,1200,474.9,15,PAINEL
 PAINEL LED 18W EMB.4000K,50,28.01, DEZEMBRO,950,417.81,19,PAINEL
 PLAFON LED 12W 4000K EMBUTIR QUADRADO PAINEL DE LED BRANCO,35,18.27, DEZEMBRO,1015,485.17,29,PLAFON
 PLAFON LED 12W 4000K EMBUTIR REDONDO PAINEL DE LED BRANCO,38,22.49, DEZEMBRO,1102,449.79,29,PLAFON
 PAINEL LED 30 QUADRADO 24W SOBREPOR 4000K,110,54.83, DEZEMBRO,550,275.85,5,PAINEL
 PAINEL DE LED 22 QUADRADO SOBREPOR 4000K,60,33.26, DEZEMBRO,780,347.62,13,PAINEL
 PAINEL LED 12W QUADRADO SOBREPOR 4000K,40,21.76, DEZEMBRO,600,273.6,15,PAINEL
 LAM.LED G9 3W 200LM 3000K HALLOPIN,35,20.61, DEZEMBRO,910,374.14,26,LAM.LED
 LAM.LED TKL 1400 6500K,33,19.67, DEZEMBRO,1089,439.89,33,LAM.LED
 LAM.LED VELA TVL 250 CLARA 3000K,30,13, DEZEMBRO,1110,629,37,LAM.LED
 LAMPADA LED TKL100 15W 6500K 1507LM,30,12.6, DEZEMBRO,1050,609,35,LAMPADA
 LAMP LED BULBO TKL 15W 1507lm E27 3000K,30,16.87, DEZEMBRO,630,275.73,21,LAMP
 LAMP LED BULBO TKL 11W 1100lm E27 6500K,30,18.68, DEZEMBRO,780,294.32,26,LAMP
 LAMPADA LED TKL75 9.9W 4000K 1018LM,17,8.39, DEZEMBRO,408,206.64,24,LAMPADA
 LAMPADA LED TKL75 9.9W 3000K 1018LM,18,9.74, DEZEMBRO,360,165.2,20,LAMPADA
 PENDENTE ARAMADO UNI 605 1XE27,480,217.98, DEZEMBRO,0,0,0,PENDENTE
 CALHA BRILHARE 2X16 LED BRANCA,70,40.06, DEZEMBRO,280,119.76,4,CALHA
 LUMINARIA FIT LED 1X9W AUTOVOLT 6500k BRANCA,70,44.22, DEZEMBRO,0,0,0,LUMINARIA
 LAMP LED PAR 20 7W VERDE IP65 E27,40,25.38, DEZEMBRO,1160,423.98,29,LAMP
 PLAFON LED QUADRADO FIT TSQL 18W / 22W 3000K,50,26.74, DEZEMBRO,450,209.34,9,PLAFON
 PLAFON LED 22 REDONDO EMB. 3000K,60,29.21, DEZEMBRO,840,431.06,14,PLAFON
 LAMP LED AR111 9W GU10 810LM 3000k,85,53, DEZEMBRO,1190,448,14,LAMP
 LAMP LED BULBO TKL 9W 900lm E27 6500K,12,5.75, DEZEMBRO,300,156.25,25,LAMP
 LAMP LED BULBO TKL 9W 900lm E27 4000K,25,14.29, DEZEMBRO,575,246.33,23,LAMP
 LAMPADA LED TKL60 9W 3000K 803LM,12,5.62, DEZEMBRO,360,191.4,30,LAMPADA
 LAMP LED BULBO TKL 6W 500 E27 4000K,20,12.9, DEZEMBRO,460,163.3,23,LAMP
 LAMP LED BULBO TKL 4.9W 500lm E27 3000K,11,6.58, DEZEMBRO,374,150.28,34,LAMP
 LUMINARIA LED TL SLIM 20 AUTOVOLT 4000K BRANCA,320,177.53, DEZEMBRO,320,142.47,1,LUMINARIA
 LUMINARIA LED TL SLIM 10 AUTOVOLT 4000K BRANCA,200,85.28, DEZEMBRO,0,0,0,LUMINARIA
 PLAFON LED 24W 3000K SOBREPOR QUADRADO TLPQ PAINEL DE LED BRANCO,110,54.83, DEZEMBRO,0,0,0,PLAFON
 PLAFON LED 30W 3000K SOBREPOR REDONDO,110,76.62, DEZEMBRO,110,33.38,1,PLAFON
 PLAFON LED 12W 3000K QUADRADO TLPQ PAINEL DE LED BRANCO,45,21.69, DEZEMBRO,675,349.65,15,PLAFON
 Tartaruga TTL 05 retangular 1xG9 3000K 127V LED BR,100,69.12, DEZEMBRO,0,0,0,Tartaruga
 PENDENTE TD 902 PRETO TEXTURARIZADO GRANDE,500,317.79, DEZEMBRO,0,0,0,PENDENTE
 PENDENTE TD 902 BRANCO TEXTURARIZADO,270,137.09, DEZEMBRO,0,0,0,PENDENTE
 LAMP LED TDL 07 6W 4000K GU-10,30,17.36, DEZEMBRO,1380,581.44,46,LAMP